1,Xmek,Aski,1959-11-12,83214163296,Ul. Iowa97,286050330
2,Imka,Mski,1964-09-16,61371386004,Ul. Lowska72,677773610
3,Hmka,Xska,1993-07-17,82963921832,Ul. Gowska92,331311211
4,Kmka,Cska,1956-05-17,43075632724,Ul. Cowska40,623827206
5,Tmek,Gski,1950-08-16,62455047994,Ul. Mowska50,879605952
6,Gmka,Dska,1983-02-23,61370170142,Ul. Gowa47,417487704
7,Smek,Aska,1993-07-24,83295156032,Ul. Oowska86,463393304
8,Smek,Eski,1979-09-24,82213720664,Ul. Powa91,286727102
9,Smek,Wski,1949-05-15,62688211054,Ul. Rowa89,630175338
10,Umek,Jski,1954-11-26,73885964101,Ul. Jowa50,428116456
11,Ymek,Eski,1953-08-07,83265236328,Ul. Rowska21,944871063
12,Fmka,Bski,1991-06-10,73539444928,Ul. Oowska68,648863542
13,Omka,Aska,1948-10-13,53254532250,Ul. Uowska12,227012700
14,Wmek,Tska,1969-12-16,63754140778,Ul. Qowa63,150511146
15,Tmka,Bska,1986-09-05,53034177700,Ul. Gowa66,574252620
16,Wmek,Rski,1946-03-12,42706916284,Ul. Sowa26,839662840
17,Emka,Kska,1958-03-18,61856214664,Ul. Oowska59,468201316
18,Fmka,Wski,1993-01-13,44001712548,Ul. Powska20,623677114
19,Vmek,Nska,1977-06-18,71123431726,Ul. Sowska40,468562804
20,Jmek,Pski,1982-08-01,83562784768,Ul. Rowa74,144215569
21,Gmek,Dska,1961-08-19,51111359025,Ul. Xowska28,626216448
22,Tmek,Kska,1983-10-10,62741014630,Ul. Iowska98,514646715
23,Wmek,Hski,1983-12-10,74246467018,Ul. Eowa14,353042849
24,Xmka,Sski,1969-10-21,71761410784,Ul. Vowska68,328986112
25,Jmka,Hska,1967-06-15,71998537340,Ul. Jowa61,925533804
26,Nmek,Mski,1970-08-26,62998979920,Ul. Uowa33,952768956
27,Gmka,Eski,1989-06-06,51094760800,Ul. Howa6,318150583
28,Xmek,Cska,1976-12-08,71148934958,Ul. Vowska15,515445895
29,Hmka,Rska,1945-04-02,43858873736,Ul. Cowa54,565849620
30,Vmka,Dska,1967-06-25,42887538612,Ul. Lowska6,378303759
31,Smek,Uski,1995-04-21,81658429928,Ul. Eowska84,142030411
32,Kmek,Dski,1972-10-07,83933800592,Ul. Sowa71,760005838
33,Pmek,Qska,1973-06-09,61118089822,Ul. Gowska50,517901565
34,Imek,Wska,1963-04-19,82157424736,Ul. Fowska48,630669506
35,Xmka,Jski,1987-10-03,41182424668,Ul. Aowska71,925414813
36,Xmka,Vska,1972-12-17,74131917224,Ul. Xowa43,294362252
37,Bmek,Bska,1978-08-19,72947094297,Ul. Cowa43,461203748
38,Xmka,Sski,1957-07-09,62197133446,Ul. Lowa40,666992712
39,Gmek,Rska,1978-09-12,43103719632,Ul. Qowska34,583118220
40,Omka,Lski,1956-03-26,53950958140,Ul. Gowska89,631576932
41,Lmek,Wska,1957-07-07,73771500665,Ul. Jowska79,913792518
42,Tmek,Uska,1983-01-25,62757125926,Ul. Wowa16,336244670
43,Mmka,Sski,1953-07-09,62666704458,Ul. Powa92,879211448
44,Ymka,Xska,1994-06-26,83960740344,Ul. Powa16,636536876
45,Hmka,Aski,1948-10-16,82932490280,Ul. Yowska53,754408409
46,Qmek,Vska,1953-12-09,51949592355,Ul. Fowa57,259258888
47,Omek,Oska,1967-02-25,53308660885,Ul. Dowska15,838480464
48,Imka,Nski,1955-05-06,83092566720,Ul. Powska78,775755190
49,Smka,Aski,1974-05-07,41408870664,Ul. Eowska7,438122384
50,Bmek,Rski,1954-04-25,82801353144,Ul. Cowska94,321638529
51,Fmka,Cski,1951-06-28,63550861542,Ul. Yowska23,541376930
52,Umka,Fska,1953-12-13,71915771017,Ul. Vowska86,227245628
53,Qmek,Fski,1947-09-14,81818449960,Ul. Jowska35,770677546
54,Gmek,Hski,1988-07-11,83425003816,Ul. Wowska10,297301466
55,Rmka,Yski,1961-05-02,83553483608,Ul. Lowska83,676471334
56,Xmka,Lska,1967-12-07,52638538065,Ul. Eowa93,290938302
57,Lmka,Dski,1990-04-08,41863452728,Ul. Uowska83,596624340
58,Mmek,Nski,1987-07-21,53570184630,Ul. Wowa36,181912380
59,Ymek,Iski,1994-09-04,61837874450,Ul. Gowa18,597213305
60,Cmka,Hski,1959-04-17,72553593079,Ul. Towa9,618435208
61,Jmka,Rski,1985-12-05,44161701940,Ul. Qowa45,278721500
62,Umek,Kska,1965-03-26,81349438888,Ul. Fowska54,443071580
63,Rmka,Nska,1995-01-24,41840995316,Ul. Aowa93,422709784
64,Fmka,Vski,1962-12-01,63868981282,Ul. Kowska88,582934030
65,Lmek,Qski,1986-12-14,43138655116,Ul. Lowa65,588155620
66,Xmek,Tska,1994-11-18,83066836304,Ul. Uowska96,262707550
67,Ymek,Tski,1950-05-25,62084412788,Ul. Eowa32,939401682
68,Amek,Fski,1992-08-01,63877567650,Ul. Uowska38,188911115
69,Gmek,Iski,1975-01-01,41411922428,Ul. Iowa39,350914325
70,Kmek,Oski,1991-08-26,63556999156,Ul. Bowa45,128405666
71,Xmka,Bski,1958-06-08,52728145905,Ul. Bowa1,645860386
72,Lmek,Oska,1962-01-20,71510440446,Ul. Fowa17,293205274
73,Hmek,Oski,1962-09-16,53237469125,Ul. Gowska8,154506870
74,Qmka,Kski,1998-04-25,62570736474,Ul. Xowa30,995990594
75,Cmek,Eski,1973-03-26,62293939372,Ul. Qowa20,569157840
76,Emek,Vska,1953-06-07,83890901872,Ul. Cowska31,163928827
77,Qmka,Sska,1983-06-06,81402527816,Ul. Xowa69,598780965
78,Omka,Oski,1950-09-15,51497010355,Ul. Vowa36,679319124
79,Qmka,Eski,1996-04-20,84218349128,Ul. Yowska60,444500068
80,Mmka,Pski,1977-11-28,43396425764,Ul. Bowa36,657614718
81,Umka,Hska,1982-04-28,73439953816,Ul. Xowa66,637990864
82,Tmek,Pska,1998-03-16,63362638718,Ul. Towska92,943893743
83,Qmek,Gski,1998-05-21,63746417018,Ul. Towa37,669025844
84,Lmka,Uska,1963-12-25,43873448172,Ul. Dowa40,359049524
85,Bmek,Rski,1964-01-01,72136861124,Ul. Mowa92,614715048
86,Cmka,Tski,1949-12-12,83003126928,Ul. Towska82,673707778
87,Ymek,Rska,1996-07-26,81037872632,Ul. Powska24,624218672
88,Imek,Qska,1977-10-09,84253354960,Ul. Sowska98,471466104
89,Amka,Qska,1972-11-21,41749390012,Ul. Towska93,427004876
90,Bmka,Qska,1986-10-04,53445525140,Ul. Vowa37,591342140
91,Dmka,Sski,1971-09-21,61168115326,Ul. Aowska38,797217906
92,Bmka,Eski,1991-04-21,71828524976,Ul. Towska20,726409755
93,Jmka,Oska,1955-09-08,71618122687,Ul. Xowska63,674117162
94,Pmek,Gski,1957-12-03,72801775315,Ul. Yowska39,490592132
95,Vmek,Aska,1994-03-28,71020286534,Ul. Mowa49,626957728
96,Jmka,Mska,1972-10-12,42084217872,Ul. Aowa60,933221249
97,Smek,Xski,1998-11-18,72722539104,Ul. Dowa45,263660736
98,Umek,Kski,1949-10-02,54099117020,Ul. Gowska20,284042086
99,Kmka,Iski,1981-05-26,82392600672,Ul. Nowa76,489828508
100,Pmek,Rski,1948-04-17,72313001122,Ul. Lowa26,324080112
101,Umek,Lska,1954-05-20,81126413104,Ul. Iowska35,348674268
102,Jmek,Jska,1986-01-07,72172878470,Ul. Powa60,528926680
103,Fmek,Vski,1989-07-20,52168651785,Ul. Rowa89,778089343
104,Imek,Gska,1984-07-19,81446086680,Ul. Uowska74,638494584
105,Gmek,Nska,1962-04-13,41085707720,Ul. Howa76,263235722
106,Umka,Lski,1989-07-08,83327029736,Ul. Towa93,464189640
107,Umka,Nski,1959-10-04,72146753979,Ul. Mowska7,851413184
108,Wmka,Cska,1956-02-15,73329843939,Ul. Iowa13,224659528
109,Hmka,Qski,1984-03-01,61941346542,Ul. Fowa63,970476194
110,Emka,Fski,1959-06-28,42396405980,Ul. Dowa1,420360576
111,Omek,Wski,1949-01-20,62486581212,Ul. Sowa98,355985305
112,Bmek,Mska,1971-05-23,43618812424,Ul. Mowska97,875813920
113,Rmka,Oski,1952-10-25,61395731662,Ul. Gowa41,814593920
114,Emka,Wska,1983-10-27,52408712835,Ul. Qowa15,636736818
115,Umka,Xski,1954-01-11,71709896530,Ul. Iowa85,661494802
116,Ymek,Kska,1971-08-26,42882324792,Ul. Nowska35,933564753
117,Smek,Iska,1958-01-19,62066439000,Ul. Jowa3,275252930
118,Jmka,Vska,1975-01-02,71475861266,Ul. Rowska16,570377485
119,Fmka,Fska,1964-12-05,83253505824,Ul. Lowa34,276441436
120,Jmek,Bska,1955-12-28,53328726915,Ul. Nowa83,243841658
121,Bmka,Tski,1956-09-17,71656003719,Ul. Powa93,786415925
122,Lmka,Oski,1966-09-04,42624619432,Ul. Gowa37,380537476
123,Hmek,Rski,1963-08-11,62362315600,Ul. Fowska65,271233100
124,Wmek,Kski,1961-08-13,62250651450,Ul. Oowa48,992243406
125,Imka,Nski,1996-01-03,52781786180,Ul. Oowska8,231306978
126,Mmek,Jska,1969-01-05,43967518676,Ul. Lowska59,224533334
127,Ymka,Wska,1966-04-04,52473173030,Ul. Gowska48,554734695
128,Omek,Aska,1958-08-26,61856190414,Ul. Nowska86,138125804
129,Wmek,Uska,1967-01-23,43146268600,Ul. Cowska88,350737521
130,Xmka,Bska,1949-09-17,41978019832,Ul. Nowa16,794601633
131,Gmek,Uski,1968-12-28,62107493378,Ul. Bowska3,170009707
132,Rmka,Uska,1950-04-10,52714638885,Ul. Oowska5,899898856
133,Hmek,Iski,1958-10-19,72090210962,Ul. Sowa33,554340570
134,Imka,Kska,1997-01-20,81321450352,Ul. Vowa86,267917852
135,Jmka,Aski,1947-05-19,71425204690,Ul. Jowska96,716132200
136,Wmka,Sska,1981-01-09,83757650112,Ul. Gowa61,910574915
137,Jmek,Uska,1982-02-26,73869846508,Ul. Oowa82,939794381
138,Fmka,Fska,1955-10-11,81748553592,Ul. Dowa5,683914924
139,Vmek,Lski,1966-06-06,52224971395,Ul. Mowska51,626213254
140,Nmka,Qski,1947-10-15,72277716587,Ul. Yowska62,861671656
141,Gmka,Cski,1964-07-12,81272255136,Ul. Fowska33,859500608
142,Gmek,Lska,1970-11-05,61371133674,Ul. Towa52,662691884
143,Tmka,Xski,1961-07-16,81389850584,Ul. Fowa34,519347550
144,Nmek,Pska,1991-07-17,53759554180,Ul. Towa63,276549526
145,Dmka,Mska,1970-12-25,41829941740,Ul. Mowska29,158020383
146,Tmka,Iski,1995-12-26,73216494271,Ul. Aowa60,390450013
147,Hmek,Fski,1982-12-13,83995107072,Ul. Sowska65,592085475
148,Pmek,Sski,1976-08-06,62219341382,Ul. Iowska73,493215096
149,Rmek,Eski,1982-06-14,71607426212,Ul. Fowska63,335352245
150,Tmek,Fski,1955-06-27,52119671130,Ul. Qowska10,134326103
151,Ymek,Sska,1964-02-05,43646922656,Ul. Wowa15,289763882
152,Smka,Qski,1967-06-06,63142010520,Ul. Aowska48,424728240
153,Pmka,Nska,1997-11-06,71583460237,Ul. Aowa82,341994014
154,Fmek,Oski,1982-12-19,41107987808,Ul. Gowa35,249960216
155,Wmka,Oski,1970-03-13,62143871874,Ul. Xowa2,856094968
156,Hmek,Qska,1981-04-01,83820226544,Ul. Sowska93,219558622
157,Gmka,Iska,1968-05-17,81098915488,Ul. Qowa78,624269026
158,Kmka,Sska,1988-06-02,71570264883,Ul. Xowska16,941484085
159,Gmek,Tska,1991-01-28,82923044504,Ul. Jowska93,152729397
160,Tmka,Rska,1953-10-16,43184812472,Ul. Yowska67,860752792
161,Nmek,Bski,1989-04-28,61133233672,Ul. Gowska97,933207711
162,Jmka,Fska,1993-12-08,63256898592,Ul. Qowa85,757518797
163,Umka,Gski,1967-04-10,81228759728,Ul. Yowska13,286819152
164,Pmka,Hska,1954-04-14,51806120180,Ul. Sowa76,662805052
165,Lmek,Aska,1999-02-06,51027104625,Ul. Lowa32,968033623
166,Cmka,Jski,1956-06-18,51002908890,Ul. Mowa24,819175776
167,Lmek,Vski,1998-06-27,63774577322,Ul. Iowska26,877199344
168,Tmka,Jski,1995-07-11,41891599332,Ul. Aowska78,246127300
169,Hmek,Tski,1998-05-27,71759729507,Ul. Sowska29,536693220
170,Gmek,Dska,1962-09-06,51112527805,Ul. Towa64,565101490
171,Ymek,Gska,1982-09-24,72528913246,Ul. Oowa53,283400962
172,Pmek,Yski,1992-02-08,84011069504,Ul. Towa78,932087478
173,Nmka,Gska,1978-12-19,42671772464,Ul. Howska80,228600970
174,Tmek,Qski,1994-12-02,71697832209,Ul. Towa88,163020364
175,Umek,Iski,1953-08-28,54205023855,Ul. Powa64,924678984
176,Smka,Mska,1981-05-11,43818649588,Ul. Bowska34,776508778
177,Pmka,Jski,1993-03-02,71465862120,Ul. Howska32,578341535
178,Ymek,Wska,1947-11-26,82508931800,Ul. Oowa29,861725048
179,Nmka,Sski,1961-07-19,64048138114,Ul. Wowska79,187607628
180,Emka,Aski,1978-04-14,71884398980,Ul. Nowa53,758602053
181,Rmek,Dska,1982-06-21,44036082572,Ul. Nowska76,375024372
182,Nmek,Mski,1958-07-12,71657955386,Ul. Xowska65,271834028
183,Ymka,Iska,1965-11-09,42217702340,Ul. Aowska66,627524072
184,Mmka,Lski,1991-08-20,73692879991,Ul. Aowa91,987657059
185,Pmka,Yski,1986-10-07,51531569780,Ul. Qowska60,336545318
186,Vmek,Jska,1990-07-02,72172075418,Ul. Lowa31,352447220
187,Mmek,Yska,1950-03-07,83789516712,Ul. Dowa44,614927728
188,Tmka,Hska,1952-04-06,73260010203,Ul. Kowa56,594922800
189,Vmka,Hski,1967-02-04,83123483008,Ul. Jowa75,969252324
190,Lmka,Rski,1959-03-23,62163236462,Ul. Kowska8,587510960
191,Smek,Dska,1959-11-23,72369492248,Ul. Cowa84,574504480
192,Imka,Gski,1980-12-02,82793811064,Ul. Bowa4,484178984
193,Omek,Oska,1955-06-05,83237144200,Ul. Yowa68,363787942
194,Cmek,Vski,1949-03-03,81382124760,Ul. Iowa28,262856798
195,Smek,Dski,1990-03-28,73032926168,Ul. Jowa4,833853856
196,Tmek,Dska,1950-08-22,62863982730,Ul. Jowska41,693249562
197,Xmek,Gski,1956-06-20,61213515086,Ul. Howska34,789724075
198,Imka,Iska,1975-11-27,81217443440,Ul. Cowa72,662390242
199,Jmka,Vski,1989-04-15,82663113912,Ul. Gowa73,180822469
200,Jmek,Hski,1982-01-05,82401470192,Ul. Qowa24,418624708
201,Bmek,Hska,1955-07-15,81308837880,Ul. Vowska13,138108436
202,Vmek,Tski,1957-08-14,61419151824,Ul. Eowa72,198131378
203,Lmka,Yska,1953-12-09,73058493844,Ul. Uowa13,443116936
204,Fmek,Pski,1983-05-20,41976239148,Ul. Oowska62,678502490
205,Kmka,Pski,1959-12-21,82863331416,Ul. Cowa4,815101848
206,Rmka,Tski,1975-01-28,73376568609,Ul. Kowa12,974772655
207,Lmka,Oski,1992-10-23,51102104080,Ul. Howska90,535331175
208,Imka,Qski,1998-11-05,43796200088,Ul. Wowa11,359427747
209,Wmka,Gski,1955-09-03,63579964116,Ul. Howa48,938674502
210,Dmek,Oska,1982-02-25,63562909012,Ul. Iowa21,457059804
211,Nmek,Cski,1970-11-28,81869141552,Ul. Wowa25,748028448
212,Wmka,Bska,1964-08-10,81877423416,Ul. Powska75,919776400
213,Qmek,Nski,1946-03-12,72799229757,Ul. Oowa41,951282258
214,Emka,Jska,1959-12-05,73367399302,Ul. Nowska81,939888964
215,Mmek,Qska,1955-12-25,42243035176,Ul. Sowska86,616514796
216,Pmek,Sski,1983-02-22,81704418096,Ul. Yowska15,968787930
217,Cmka,Aska,1976-08-20,41500583128,Ul. Eowa27,517295570
218,Tmka,Fska,1968-05-21,42540016372,Ul. Towa26,671712936
219,Omka,Qska,1987-10-20,74022173024,Ul. Towa95,437548128
220,Vmka,Pski,1971-07-14,43846754832,Ul. Lowska36,885257736
221,Kmek,Bska,1994-06-11,62301387114,Ul. Nowska1,359509258
222,Hmek,Qska,1948-03-12,72470095027,Ul. Wowska36,973741650
223,Dmka,Eska,1956-12-19,64089431848,Ul. Cowa20,783148790
224,Fmek,Yski,1983-06-21,63959315968,Ul. Jowska93,588715065
225,Tmek,Kski,1975-04-17,42904086492,Ul. Xowa5,215962428
226,Imek,Nska,1950-10-23,62907464670,Ul. Dowa44,157316035
227,Bmka,Qski,1982-07-17,44243520028,Ul. Powa79,653663846
228,Rmka,Iski,1949-12-14,62611262210,Ul. Bowa96,147319076
229,Imek,Gski,1992-03-23,42649616404,Ul. Eowska36,629323874
230,Omek,Nska,1955-04-12,51964333570,Ul. Jowa31,654132166
231,Wmek,Fski,1975-05-19,41367518912,Ul. Mowa43,127430019
232,Qmek,Iska,1987-07-04,72010623485,Ul. Wowska1,417725920
233,Fmek,Oski,1975-05-28,42516830308,Ul. Kowa38,460408332
234,Kmka,Nska,1994-07-13,62667902340,Ul. Jowa29,439456360
235,Amek,Nska,1956-04-11,53813480275,Ul. Vowska30,348168790
236,Smka,Nska,1974-05-24,72727406542,Ul. Nowa13,921614120
237,Pmek,Mska,1975-12-20,61846957570,Ul. Gowa4,118824312
238,Jmka,Uska,1958-10-25,53130225560,Ul. Kowa20,297224674
239,Pmek,Dski,1956-07-07,41910905680,Ul. Iowska11,587945590
240,Vmek,Pski,1974-01-28,43692125916,Ul. Aowska90,378247940
241,Rmka,Bska,1988-12-08,41618923120,Ul. Dowa78,529001490
242,Fmek,Qski,1946-05-04,63101793600,Ul. Oowa36,960174267
243,Vmka,Bski,1985-10-22,54011925880,Ul. Rowa4,310019215
244,Smek,Cska,1960-08-07,52198277450,Ul. Iowa40,829488552
245,Wmek,Dska,1953-07-06,51173779530,Ul. Howa56,353564773
246,Mmka,Oski,1970-01-07,73971260706,Ul. Eowska58,364915846
247,Gmka,Aska,1978-06-05,53722912610,Ul. Dowa78,219954610
248,Bmka,Wska,1954-03-13,43730292272,Ul. Eowa19,395127051
249,Imka,Rski,1968-07-04,51490352995,Ul. Fowa83,237121186
250,Pmka,Eski,1994-12-09,82212115256,Ul. Gowa19,234344248
251,Pmek,Nska,1996-06-26,62842193644,Ul. Xowska54,434367492
252,Bmek,Pski,1973-03-10,52304160615,Ul. Howa32,380213542
253,Xmek,Xski,1994-11-10,61909757810,Ul. Cowska50,685713130
254,Emek,Eska,1988-04-26,82490272688,Ul. Cowska1,352221708
255,Smek,Xska,1952-02-15,71529707431,Ul. Lowska1,662189118
256,Cmek,Vski,1995-03-07,63404788326,Ul. Howa38,394225896
257,Dmek,Pska,1951-11-02,63411098424,Ul. Cowska5,790401439
258,Wmka,Rska,1984-05-26,41279076860,Ul. Mowa34,641075882
259,Tmek,Kski,1974-02-15,41583904724,Ul. Iowska36,156811837
260,Emka,Wski,1993-04-03,81048210192,Ul. Fowska45,715612399
261,Cmek,Bska,1955-11-06,42058371664,Ul. Lowa40,667038256
262,Imek,Rski,1950-09-17,53244216990,Ul. Bowa1,684850826
263,Omka,Gski,1945-03-10,43164868480,Ul. Yowska32,396844406
264,Gmka,Xska,1966-08-22,73995860032,Ul. Sowa6,480620380
265,Xmek,Cska,1949-04-21,52107487810,Ul. Xowa99,450329420
266,Wmka,Bska,1950-06-04,81582532992,Ul. Uowa33,632383820
267,Xmka,Rska,1968-03-09,51517370170,Ul. Bowska5,645786034
268,Rmka,Gska,1952-05-20,62987088854,Ul. Fowska30,740922407
269,Emek,Cski,1969-09-15,82899318808,Ul. Dowska79,739650358
270,Fmka,Mska,1954-03-14,54236237480,Ul. Towa15,778224189
271,Imka,Uski,1980-04-23,73355084847,Ul. Qowa27,792521968
272,Cmek,Uska,1975-02-22,83506754144,Ul. Rowa75,343064341
273,Hmka,Nski,1959-02-08,72136359087,Ul. Powska23,186011597
274,Emka,Vski,1991-04-11,41125504008,Ul. Aowa74,686998202
275,Ymek,Nski,1964-06-12,43922691868,Ul. Yowska15,726902543
276,Mmek,Dska,1953-04-11,72847267179,Ul. Eowska46,571708770
277,Kmek,Vski,1980-03-13,62436237052,Ul. Towska25,345634743
278,Pmek,Qski,1978-06-16,43469462984,Ul. Dowska95,373607920
279,Hmek,Eska,1946-07-16,43380136012,Ul. Eowa40,237725982
280,Emka,Oska,1992-09-19,43216952516,Ul. Iowska2,376845579
281,Tmka,Tski,1974-05-21,51500980885,Ul. Vowska27,196222313
282,Bmka,Xska,1988-07-20,81188233736,Ul. Powa11,166810108
283,Cmka,Yska,1953-05-24,63525987486,Ul. Uowska22,641918246
284,Tmka,Hski,1981-03-22,81908902192,Ul. Fowska46,643375320
285,Lmek,Rski,1967-07-08,51948541110,Ul. Aowa28,973788281
286,Emka,Yski,1992-01-07,72224107002,Ul. Howska1,560544430
287,Gmka,Lska,1988-11-11,71243214931,Ul. Cowska27,311573629
288,Bmka,Oska,1984-05-25,81130400496,Ul. Dowska38,727465597
289,Xmek,Cski,1982-01-15,81481218960,Ul. Uowska69,686232030
290,Amka,Wski,1952-04-25,83050789384,Ul. Yowa96,567291175
291,Wmka,Iski,1991-05-21,81607428096,Ul. Lowska77,843220432
292,Emek,Bski,1974-08-11,71451564087,Ul. Kowa84,751011090
293,Tmek,Rski,1955-08-25,82716847168,Ul. Cowa45,822799344
294,Vmka,Cski,1993-02-27,81780063856,Ul. Rowa81,727657883
295,Vmek,Lski,1964-04-10,51501393245,Ul. Mowska41,519047920
296,Omka,Jska,1961-02-24,61803446622,Ul. Eowska41,380281066
297,Bmka,Wski,1973-02-02,53357334620,Ul. Jowska3,497703784
298,Qmek,Aski,1992-01-07,51439266010,Ul. Towa86,423824076
299,Ymek,Tska,1989-03-23,52723808140,Ul. Jowa39,735724213
300,Emek,Oski,1986-01-17,42755624928,Ul. Bowa16,946842714
301,Amek,Wska,1985-05-26,82743819696,Ul. Uowska33,841015288
302,Smek,Cski,1962-08-03,53417328520,Ul. Mowa94,833290632
303,Imek,Uski,1983-06-07,72157641050,Ul. Xowa38,312271769
304,Smka,Uska,1948-08-16,53239351765,Ul. Qowska65,443902600
305,Ymek,Aska,1990-08-21,81855549368,Ul. Fowska81,829919560
306,Umka,Lska,1978-11-27,54187663540,Ul. Xowa37,131405963
307,Cmka,Hska,1972-09-14,71601480579,Ul. Jowska59,945359182
308,Kmka,Wski,1985-04-23,63824161488,Ul. Dowa94,919669983
309,Xmek,Sska,1994-08-04,83309900464,Ul. Xowska43,164101330
310,Emek,Bska,1954-06-13,71862277226,Ul. Dowska94,812804560
311,Nmek,Iska,1958-05-20,51215005015,Ul. Uowa72,716875434
312,Qmek,Sski,1955-11-05,83441541712,Ul. Towa63,513741480
313,Ymek,Sska,1970-12-02,61532428482,Ul. Aowska61,314564512
314,Tmek,Mska,1976-10-11,42745044092,Ul. Dowa1,279363290
315,Hmek,Iska,1992-12-14,72797160216,Ul. Fowa95,823526448
316,Jmka,Jska,1982-07-03,42660481576,Ul. Gowa77,311147391
317,Pmek,Nska,1980-07-27,42417741128,Ul. Qowska31,197408714
318,Ymka,Bski,1947-10-12,71671595858,Ul. Mowska36,598659000
319,Amek,Jska,1967-09-26,63230726684,Ul. Jowa98,837726192
320,Imka,Fska,1992-07-11,43689451408,Ul. Wowa92,915327070
321,Wmka,Eska,1968-04-28,83668398304,Ul. Sowa96,340432691
322,Cmek,Oski,1954-02-08,51668740255,Ul. Aowa33,982500279
323,Kmek,Eska,1976-01-27,41037229068,Ul. Towa99,912840022
324,Qmek,Iska,1958-04-15,53821316340,Ul. Cowska17,110418515
325,Cmek,Uska,1968-04-23,41348022156,Ul. Towska53,476407340
326,Cmka,Lska,1954-11-20,84125543728,Ul. Bowa73,162304755
327,Amka,Hski,1966-05-26,72930665198,Ul. Yowa70,727200569
328,Vmek,Qski,1986-08-18,41986972680,Ul. Fowa6,253413450
329,Bmka,Sska,1993-01-26,62989517358,Ul. Yowska42,322818486
330,Qmek,Dska,1966-08-03,62238608960,Ul. Nowa88,966892203
331,Imka,Kska,1976-10-25,64155636426,Ul. Mowa29,518215300
332,Omek,Qski,1965-01-25,42032952956,Ul. Powska67,875938520
333,Lmek,Mski,1980-10-05,61380187972,Ul. Towa61,359439591
334,Smek,Pska,1984-09-21,73950427528,Ul. Wowa61,136220511
335,Emka,Wska,1966-07-22,81595404048,Ul. Vowska45,810826760
336,Hmek,Bska,1947-02-10,82890462160,Ul. Wowa59,880928712
337,Fmek,Dski,1971-03-02,74052825900,Ul. Lowa53,640682040
338,Jmek,Dski,1949-10-14,82457523600,Ul. Bowa23,636925514
339,Ymka,Xska,1986-09-19,63601682008,Ul. Nowa36,265132166
340,Emek,Qski,1960-12-15,41852369772,Ul. Fowska85,452909872
341,Lmek,Cska,1972-04-27,53794612765,Ul. Vowa14,572318040
342,Dmek,Bska,1995-03-19,42425975624,Ul. Fowska54,962334236
343,Hmka,Nski,1947-06-08,83781350336,Ul. Dowska74,810245984
344,Lmek,Uski,1983-05-08,71126561509,Ul. Dowska6,285631118
345,Rmek,Bski,1969-10-03,51584645380,Ul. Bowa84,998773512
346,Kmek,Dski,1945-09-26,53606011625,Ul. Uowa88,471984788
347,Fmka,Fska,1992-12-15,83932295408,Ul. Bowa77,315952998
348,Nmek,Jska,1990-03-07,51282751245,Ul. Iowska25,773908474
349,Smek,Gski,1967-12-10,63317494884,Ul. Jowska61,229831144
350,Umek,Rska,1965-11-21,44109417240,Ul. Sowska8,376031326
351,Qmka,Hski,1975-10-22,84214868312,Ul. Xowa15,234233160
352,Wmek,Aski,1978-01-02,51251877945,Ul. Oowska2,720464087
353,Bmka,Iska,1996-06-20,43418553556,Ul. Xowa88,543241100
354,Tmek,Rska,1989-01-16,83686740936,Ul. Wowa43,887188568
355,Qmka,Yska,1961-12-12,43150430852,Ul. Gowa7,455572332
356,Rmka,Gska,1987-12-03,51603866275,Ul. Nowa41,637143952
357,Umek,Aski,1975-12-02,51228807895,Ul. Oowska61,111212129
358,Dmek,Aski,1961-04-25,83727026800,Ul. Bowa75,545953485
359,Cmek,Nska,1951-03-22,84176175056,Ul. Towa21,915162350
360,Wmka,Sski,1985-10-25,51269812715,Ul. Vowska99,153509740
361,Dmka,Nski,1978-11-11,41004144028,Ul. Uowa23,995637097
362,Omka,Yska,1982-03-18,83980189840,Ul. Uowa38,271136630
363,Tmek,Fska,1985-06-22,62536300774,Ul. Towska77,982968436
364,Kmka,Bski,1987-05-05,44096005464,Ul. Powa86,391224420
365,Fmek,Gska,1954-10-15,52085407245,Ul. Nowa68,495114204
366,Emka,Sska,1952-10-02,52558575640,Ul. Powa13,750754511
367,Vmek,Cska,1953-05-06,51668240955,Ul. Towska46,967933640
368,Hmek,Cski,1960-04-05,82460192152,Ul. Kowska58,310390792
369,Fmek,Fska,1958-05-15,82175232528,Ul. Oowa40,581325080
370,Umek,Yski,1946-09-01,52489211320,Ul. Jowa31,112928467
371,Wmek,Uska,1951-12-01,53369996735,Ul. Gowa46,349927813
372,Dmek,Dski,1999-04-16,53485455910,Ul. Yowa19,481921060
373,Hmek,Oski,1993-01-05,53890576645,Ul. Lowa35,669977262
374,Emka,Wski,1990-08-12,41884317112,Ul. Vowska74,842260880
375,Hmek,Nski,1992-11-28,71248010955,Ul. Bowska47,554750255
376,Qmka,Jski,1992-03-26,62826086304,Ul. Sowa28,322929250
377,Vmek,Bska,1981-04-15,61657774996,Ul. Jowa96,879120568
378,Qmka,Vski,1949-08-22,63770732130,Ul. Jowa75,997703797
379,Vmek,Jska,1951-11-17,73654534379,Ul. Kowska67,835606840
380,Tmek,Uski,1980-03-27,81052076576,Ul. Fowa90,351116917
381,Umek,Bska,1981-12-21,51370724085,Ul. Uowa18,488021524
382,Mmek,Hski,1947-04-19,62984119412,Ul. Qowska15,146310348
383,Mmek,Rski,1981-11-10,54195609535,Ul. Dowska77,117631695
384,Nmek,Rski,1984-07-16,83647966192,Ul. Wowa64,326712012
385,Pmka,Bski,1992-12-13,54008728375,Ul. Powska44,240916880
386,Amek,Wski,1946-04-07,42551259484,Ul. Qowa26,244046638
387,Gmek,Xska,1982-12-06,51393234080,Ul. Dowa94,381530381
388,Gmka,Gski,1953-07-04,81352909360,Ul. Sowska57,440929204
389,Kmek,Tska,1996-01-17,72359269981,Ul. Rowa71,981022094
390,Xmek,Oski,1997-01-14,43861156540,Ul. Lowa89,931485031
391,Smka,Xska,1986-04-05,81960688696,Ul. Vowska90,235542328
392,Xmka,Kska,1946-04-15,62928428734,Ul. Cowa24,780323093
393,Bmka,Iska,1947-10-12,63954810982,Ul. Nowa41,399084483
394,Mmka,Gski,1972-06-17,53387525900,Ul. Powa37,274142662
395,Hmka,Qska,1959-01-08,81142630432,Ul. Vowska83,813381032
396,Tmek,Mska,1953-09-05,52390825385,Ul. Iowska73,439939956
397,Hmek,Uski,1950-10-14,41582632372,Ul. Iowska50,821345920
398,Amka,Uski,1988-02-03,42518725376,Ul. Rowa51,776299605
399,Vmka,Pska,1975-02-14,52376341015,Ul. Powa44,223542996
400,Gmka,Pski,1998-06-27,51948131660,Ul. Mowa61,129130675
401,Amek,Hski,1949-12-24,42775716928,Ul. Nowska40,498826956
402,Fmka,Xska,1983-04-25,81005845200,Ul. Fowa63,750000249
403,Vmka,Nska,1946-03-15,64183060390,Ul. Aowska88,236316728
404,Ymka,Vska,1967-03-24,42169474792,Ul. Oowska93,316681834
405,Jmek,Mska,1978-01-16,43597713536,Ul. Uowska9,540709535
406,Jmka,Cska,1996-05-13,73513865669,Ul. Gowska56,379373464
407,Umka,Nski,1972-01-11,83446181000,Ul. Qowa89,660537814
408,Mmka,Dska,1969-09-04,71986499659,Ul. Oowska29,795376083
409,Mmek,Xski,1983-11-20,51751561235,Ul. Mowska96,198509447
410,Emka,Jska,1990-03-13,63239753894,Ul. Cowa60,813321224
411,Gmka,Aska,1980-07-11,71963950393,Ul. Gowska65,665938834
412,Pmka,Fski,1976-11-23,51968643155,Ul. Eowska73,933480136
413,Vmek,Rski,1968-01-23,63131027150,Ul. Powa1,518101875
414,Gmek,Mski,1990-01-20,61572466212,Ul. Oowska58,746420626
415,Nmka,Tski,1974-09-18,83173534048,Ul. Jowska84,861526792
416,Fmka,Nski,1955-05-06,61047070442,Ul. Kowska82,414129820
417,Imka,Dska,1975-11-06,62162231472,Ul. Oowska65,687302546
418,Fmka,Oski,1949-11-22,71538931815,Ul. Fowa82,180132043
419,Gmka,Vska,1948-11-08,62319134052,Ul. Mowska66,690846760
420,Hmek,Wski,1977-07-08,63068275470,Ul. Yowa66,795574718
421,Jmek,Hski,1998-01-12,71462341174,Ul. Fowa82,168631148
422,Lmka,Jska,1970-06-16,51251464095,Ul. Uowa14,555735545
423,Nmek,Yska,1962-02-25,62837886562,Ul. Wowska81,452192716
424,Xmek,Xska,1978-06-17,83686643536,Ul. Xowska77,380760510
425,Cmka,Lska,1992-04-01,42011001448,Ul. Mowska99,616873062
426,Xmka,Yski,1950-08-16,73737190694,Ul. Xowa83,138608747
427,Emek,Qska,1997-08-18,53251385475,Ul. Jowa48,662815588
428,Bmek,Gska,1963-01-26,73471504356,Ul. Fowa27,828282896
429,Rmek,Nski,1981-11-09,83148614600,Ul. Dowska9,791371486
430,Pmek,Uska,1969-11-04,53831030760,Ul. Kowa75,322821207
431,Jmek,Fska,1990-07-18,53719727720,Ul. Lowa36,774517227
432,Omka,Kska,1953-12-01,81354417672,Ul. Wowska69,931068398
433,Imek,Aska,1988-06-16,82577833576,Ul. Dowa55,456270972
434,Nmka,Hski,1949-03-28,41283790288,Ul. Fowa20,257642678
435,Omek,Oska,1960-11-05,62764211552,Ul. Iowska64,177513360
436,Xmka,Bska,1988-11-12,81181702056,Ul. Oowa11,973626739
437,Lmek,Iski,1994-09-11,82916255904,Ul. Wowska33,154423465
438,Ymek,Wska,1957-06-22,64037512426,Ul. Gowska98,310065010
439,Omek,Hski,1983-10-07,63821945236,Ul. Dowa3,243819008
440,Jmek,Bska,1957-07-26,41884433384,Ul. Jowa10,833051328
441,Pmek,Fska,1999-05-09,51866091605,Ul. Xowska87,667344372
442,Pmek,Xski,1957-02-28,72012623697,Ul. Rowa44,736091275
443,Imek,Pski,1969-10-17,72137648414,Ul. Uowa70,417057008
444,Omka,Aski,1953-07-28,84032437264,Ul. Xowa72,773647663
445,Omek,Mska,1983-05-26,82045163776,Ul. Dowska11,473773280
446,Bmka,Yska,1974-02-09,53151038550,Ul. Mowska38,239016832
447,Mmek,Oski,1952-06-06,81147838240,Ul. Eowa37,475607248
448,Emek,Nska,1945-07-20,73279740040,Ul. Oowa55,392431470
449,Mmka,Mski,1970-09-27,61155676004,Ul. Bowa49,555207035
450,Amka,Hska,1997-06-21,43926527628,Ul. Powa13,468667900
451,Qmek,Xska,1994-02-10,42651377172,Ul. Rowska21,383184936
452,Wmek,Wski,1948-03-16,63473234880,Ul. Sowska67,290549294
453,Gmek,Iska,1982-02-22,71815323398,Ul. Mowska96,364396315
454,Tmka,Dski,1959-03-21,72451383321,Ul. Vowa48,282046230
455,Xmka,Lska,1975-03-05,63531263032,Ul. Gowa91,648314550
456,Ymek,Hska,1985-08-03,43543504796,Ul. Qowa61,818220680
457,Gmka,Uski,1977-10-05,61726489624,Ul. Powska95,745500336
458,Amek,Cska,1970-11-28,61752404496,Ul. Towa78,554766655
459,Dmka,Uski,1989-12-16,82308857864,Ul. Rowa69,968117414
460,Bmka,Aski,1973-01-10,54060915460,Ul. Uowska47,939625919
461,Smek,Aska,1990-03-28,83506723296,Ul. Sowa44,151722323
462,Jmek,Lska,1976-12-06,83218616416,Ul. Fowa84,917709439
463,Lmek,Xska,1996-09-25,42421380852,Ul. Xowska24,577508075
464,Wmek,Aska,1989-06-23,63956031514,Ul. Uowa81,168427706
465,Smek,Aski,1977-08-05,41581677996,Ul. Vowa83,580578970
466,Lmek,Tski,1954-02-03,73323475586,Ul. Rowa98,636139978
467,Qmka,Kska,1979-06-06,82390097264,Ul. Lowa73,830494088
468,Cmek,Nski,1951-11-28,73798593520,Ul. Yowska70,589553240
469,Nmek,Oska,1987-10-18,61845985232,Ul. Xowa10,494548056
470,Qmek,Hski,1970-03-12,73456010189,Ul. Aowska2,851455392
471,Pmka,Dski,1995-12-15,52375155190,Ul. Aowska85,478489688
472,Xmek,Mski,1979-01-01,62520076874,Ul. Kowska70,269002246
473,Fmek,Cski,1950-12-18,42001480620,Ul. Eowa65,575230750
474,Qmek,Pski,1959-05-23,43366156756,Ul. Lowa26,991780117
475,Dmek,Tski,1973-02-22,54175142185,Ul. Powa84,585497300
476,Bmek,Mska,1992-07-08,83966563368,Ul. Towska89,465528488
477,Hmek,Jski,1983-02-21,41389428496,Ul. Bowska47,438296872
478,Rmka,Sski,1989-07-02,71166539482,Ul. Kowska53,498126312
479,Qmka,Dski,1983-08-13,81396114280,Ul. Powa34,776756457
480,Fmek,Dska,1956-01-11,63792609494,Ul. Qowska83,898429160
481,Umka,Lska,1963-12-27,54265839700,Ul. Sowa96,118221386
482,Cmek,Mska,1955-01-17,73160753699,Ul. Oowa16,346432649
483,Lmka,Xska,1996-06-11,62390106008,Ul. Jowa58,358665055
484,Amka,Gska,1966-07-09,52567629375,Ul. Fowa59,846369480
485,Tmek,Mska,1991-02-05,73417628511,Ul. Lowska11,768015073
486,Omka,Vski,1963-12-10,64183968322,Ul. Oowa94,120303041
487,Fmek,Hska,1971-04-01,64040574318,Ul. Oowa23,940719960
488,Amka,Fski,1966-10-10,52499976820,Ul. Rowa74,418902176
489,Gmka,Fska,1958-05-26,83100935624,Ul. Rowa33,778771808
490,Jmek,Rski,1964-02-23,73986999290,Ul. Dowa22,769216205
491,Lmek,Pski,1959-03-09,51591934940,Ul. Wowska49,865769656
492,Amka,Vski,1982-01-14,84159137016,Ul. Vowska35,537380720
493,Bmek,Aski,1978-12-06,82656728704,Ul. Iowa56,929505453
494,Umka,Aski,1984-01-07,63958089264,Ul. Qowa80,123511585
495,Cmka,Yska,1994-06-01,71758285463,Ul. Kowska6,685813772
496,Pmek,Vska,1995-04-18,83199121536,Ul. Aowska98,252048650
497,Qmek,Jski,1971-07-18,53063848000,Ul. Fowska27,644855364
498,Imek,Jska,1985-08-06,43847912384,Ul. Jowa1,122217347
499,Emek,Nska,1973-06-12,83060988264,Ul. Powa14,574641485
500,Dmek,Sski,1965-07-05,73466843549,Ul. Mowa71,810996040
501,Wmek,Yski,1955-06-01,83663438136,Ul. Lowska37,371000972
502,Mmka,Hski,1951-08-17,81768573848,Ul. Cowska65,222744964
503,Vmek,Rski,1996-05-27,62382920346,Ul. Nowska40,174228957
504,Vmka,Dski,1958-11-19,83893196800,Ul. Kowa11,997207234
505,Omek,Pska,1971-02-10,82157639840,Ul. Aowa34,769109963
506,Gmka,Uska,1998-12-15,44023860816,Ul. Jowa6,537367425
507,Qmka,Dski,1949-09-12,61523073418,Ul. Dowska5,674635982
508,Kmek,Qska,1970-03-04,81771045216,Ul. Rowa23,225338614
509,Xmek,Cska,1945-10-08,71164410112,Ul. Iowa9,491521196
510,Rmek,Tski,1998-12-20,62172326100,Ul. Iowska5,660156024
511,Tmek,Jski,1945-01-01,73917808138,Ul. Bowa77,711183503
512,Omka,Dska,1999-07-25,72585203206,Ul. Qowa65,969007280
513,Hmka,Mski,1955-06-28,61662406374,Ul. Rowska10,129717030
514,Kmek,Lski,1959-12-16,52517984640,Ul. Qowa92,566568835
515,Xmek,Eska,1967-01-01,41535169864,Ul. Lowa77,854236624
516,Wmek,Xska,1975-07-05,83628697584,Ul. Lowska45,932854898
517,Qmka,Dski,1970-03-04,52992903325,Ul. Mowa27,579684580
518,Jmek,Uska,1972-08-11,73172678897,Ul. Yowa51,934411807
519,Jmka,Nska,1962-06-04,61089020414,Ul. Fowska74,312271058
520,Smka,Gski,1963-04-28,43832329604,Ul. Powska17,746498329
521,Jmka,Oski,1947-11-07,82857975576,Ul. Yowa7,442580508
522,Ymka,Sski,1946-01-18,43886910548,Ul. Aowa14,745459269
523,Wmka,Gski,1982-03-19,51100681790,Ul. Mowska86,418908316
524,Lmek,Aski,1980-09-18,83765913968,Ul. Iowa89,758605247
525,Rmek,Eska,1988-12-17,83875430808,Ul. Aowska44,377576338
526,Smka,Mski,1949-10-20,72772770520,Ul. Sowa62,540623895
527,Omek,Cska,1972-12-01,51730307670,Ul. Dowa84,982795588
528,Ymka,Mski,1961-02-12,72360791079,Ul. Mowa21,771837760
529,Rmek,Yska,1971-01-15,63747643620,Ul. Rowska82,922737466
530,Dmek,Jska,1958-07-18,82857171448,Ul. Gowa27,432482492
531,Amka,Gska,1973-01-22,41499579792,Ul. Iowska87,984079054
532,Hmka,Qski,1965-11-09,83462911440,Ul. Dowska15,918013202
533,Nmka,Vska,1954-11-23,81815453688,Ul. Qowska17,937290449
534,Smka,Wska,1997-09-02,72252336533,Ul. Mowska90,114626112
535,Pmka,Hski,1974-07-02,73845008848,Ul. Xowa63,284358216
536,Jmek,Yski,1972-01-25,52727208730,Ul. Qowska31,243438178
537,Emek,Nski,1981-08-15,72334638962,Ul. Jowska90,312076527
538,Fmka,Jski,1975-03-14,63985624284,Ul. Eowa84,353023223
539,Pmek,Sski,1984-12-22,84011780816,Ul. Eowska34,937859661
540,Pmka,Mska,1996-11-16,53999628095,Ul. Rowska74,943110188
541,Nmek,Rski,1946-02-14,71369565277,Ul. Bowa98,290354202
542,Emek,Cska,1960-01-05,52891768755,Ul. Yowska91,651606948
543,Bmka,Bski,1948-06-09,52159468130,Ul. Dowska65,696119896
544,Xmka,Bski,1951-05-15,52934889415,Ul. Howska2,856920376
545,Gmka,Cska,1946-01-01,73176020297,Ul. Dowska85,889666696
546,Imka,Vska,1996-03-19,41998398344,Ul. Howa42,475902508
547,Vmka,Hska,1950-05-19,73363530823,Ul. Sowska80,786268306
548,Bmek,Aski,1975-11-05,73379160774,Ul. Lowa22,369654069
549,Mmka,Oska,1987-07-11,83817729224,Ul. Oowa44,499303080
550,Ymek,Sska,1985-05-25,72694080885,Ul. Bowa20,913566437
551,Lmek,Mska,1948-03-16,51230201110,Ul. Uowska46,670000990
552,Mmek,Uski,1978-06-10,44263840312,Ul. Wowa88,110825862
553,Qmka,Fska,1999-06-24,64274282902,Ul. Dowska21,964176103
554,Mmka,Fska,1958-12-25,81452619320,Ul. Rowa54,573258935
555,Qmek,Tski,1982-02-17,64111815462,Ul. Wowska81,691383984
556,Bmek,Fska,1978-05-15,42881619940,Ul. Oowska12,465883016
557,Xmek,Cski,1977-05-16,83886291768,Ul. Rowska10,953076696
558,Cmka,Pska,1971-07-14,42939403076,Ul. Wowa30,568914265
559,Imka,Iska,1997-05-25,62337725730,Ul. Fowa57,584849635
560,Imka,Jski,1953-08-14,51440727330,Ul. Gowska47,374141313
561,Fmek,Hski,1975-08-07,83633200064,Ul. Uowa54,383750103
562,Nmka,Lski,1958-06-09,53628094185,Ul. Powa76,950248419
563,Pmek,Tska,1991-04-08,64259808412,Ul. Uowska93,457907400
564,Qmka,Oska,1974-11-21,43787086660,Ul. Eowa1,720726569
565,Fmka,Oski,1984-11-02,62855423604,Ul. Powa48,429535964
566,Bmek,Cski,1985-02-03,51630689955,Ul. Fowska76,527050230
567,Pmek,Yski,1953-04-18,63484727936,Ul. Sowa57,919105866
568,Amek,Aska,1953-11-11,42298702588,Ul. Dowa30,935298720
569,Mmek,Iski,1950-11-12,72532653377,Ul. Iowska37,231145560
570,Bmek,Sski,1976-10-09,73251315040,Ul. Dowa61,212005562
571,Omka,Pski,1990-08-04,51810747660,Ul. Xowa69,311864074
572,Imek,Rski,1962-03-05,64098621932,Ul. Towa42,712572555
573,Umek,Jski,1975-11-21,82005165432,Ul. Dowska14,188024087
574,Bmka,Xska,1996-02-14,73324907513,Ul. Powska14,636082064
575,Gmek,Tski,1993-04-17,82674789848,Ul. Mowska99,324787834
576,Qmek,Vski,1991-03-01,81564439904,Ul. Dowa93,499333176
577,Imka,Sski,1948-07-02,52252418140,Ul. Vowa26,154628077
578,Nmka,Iska,1967-06-06,51602060820,Ul. Bowa66,774495865
579,Dmek,Pski,1945-04-17,61321428016,Ul. Eowska65,848235672
580,Amka,Sski,1977-03-17,61819468558,Ul. Fowska91,947095004
581,Xmka,Oski,1973-11-25,62615339824,Ul. Bowska64,537003835
582,Bmka,Vski,1958-02-22,52748361195,Ul. Uowa98,131321251
583,Cmka,Nska,1973-05-16,61187513668,Ul. Sowa37,870755288
584,Ymek,Gska,1967-08-24,83794787160,Ul. Aowska90,338984663
585,Smka,Wski,1993-08-08,64072905372,Ul. Nowa73,453191448
586,Hmek,Dska,1956-11-17,53237515365,Ul. Wowa43,999260651
587,Mmka,Xski,1991-01-11,64071887080,Ul. Eowa34,629291760
588,Wmka,Lska,1975-08-23,41506226304,Ul. Xowa1,759762477
589,Fmek,Nska,1989-01-19,52689130895,Ul. Eowa50,282155218
590,Vmek,Pski,1963-12-27,61181118006,Ul. Rowa82,655334842
591,Xmek,Wska,1960-07-24,63580129610,Ul. Oowska27,492265252
592,Cmek,Bski,1970-02-09,43715738796,Ul. Oowa78,975759382
593,Nmek,Gska,1972-06-04,42720201252,Ul. Uowa38,768611239
594,Emka,Rska,1996-01-20,52883725235,Ul. Eowa49,391814853
595,Gmka,Oski,1973-04-26,51511303325,Ul. Dowa33,733600193
596,Wmek,Mska,1980-07-13,71162509732,Ul. Iowska29,418823344
597,Vmka,Sska,1990-04-13,43506716824,Ul. Gowa31,411717392
598,Umek,Oski,1996-11-13,43180059116,Ul. Rowska23,559735260
599,Vmka,Jski,1965-05-18,81302108552,Ul. Kowska22,294720514
600,Hmka,Nska,1958-01-22,42607895216,Ul. Oowska10,972187991
601,Hmek,Tska,1976-01-01,42751184996,Ul. Vowa71,489430096
602,Lmek,Eska,1969-08-28,41820849816,Ul. Gowa37,477825492
603,Hmek,Yski,1956-03-25,51473912315,Ul. Xowa15,949856735
604,Fmek,Wski,1989-06-09,82068035944,Ul. Qowska28,740099666
605,Imek,Eska,1977-11-28,83071269744,Ul. Xowska56,884732192
606,Smka,Cski,1984-06-19,83471573400,Ul. Gowska73,349845774
607,Qmka,Wska,1968-09-16,42186890188,Ul. Mowa77,667045686
608,Kmek,Uska,1984-09-20,41750809236,Ul. Powska39,616374966
609,Omka,Aska,1950-09-02,72169227542,Ul. Towa29,931396408
610,Ymek,Hski,1972-09-18,51328962150,Ul. Jowa63,525353695
611,Umek,Wski,1965-12-14,61962652436,Ul. Aowa34,546707235
612,Lmka,Nski,1983-07-06,72225934272,Ul. Sowa52,975353289
613,Smka,Pska,1996-04-20,72662465464,Ul. Oowska84,772818363
614,Vmka,Yska,1948-11-03,53335466615,Ul. Gowa87,388162091
615,Wmka,Gski,1980-06-04,54237831195,Ul. Qowa49,350847670
616,Kmka,Gska,1984-10-03,62424687504,Ul. Sowa22,493784496
617,Xmka,Nska,1982-02-09,82253965472,Ul. Cowa66,663080084
618,Bmek,Tski,1985-10-08,42687877372,Ul. Qowa80,187031627
619,Kmek,Xski,1966-09-20,54257219310,Ul. Uowa45,149530969
620,Fmka,Aska,1973-12-03,72916445633,Ul. Aowska57,539919620
621,Cmek,Dski,1979-09-09,63560824452,Ul. Rowa69,855028344
622,Cmek,Oski,1998-05-12,54051907965,Ul. Vowa22,252827282
623,Vmka,Nski,1957-04-20,82181152096,Ul. Vowska90,551640620
624,Mmka,Xska,1959-11-03,62632576584,Ul. Eowska15,860447432
625,Qmek,Lski,1974-01-05,81008803352,Ul. Qowska37,283145864
626,Lmek,Iska,1964-12-19,73901092927,Ul. Fowa45,751331397
627,Xmek,Yski,1972-07-19,73084524145,Ul. Fowa5,910631347
628,Gmka,Jski,1970-07-14,42142664924,Ul. Wowa98,949681601
629,Tmka,Jska,1973-04-28,63769101940,Ul. Jowska64,273333396
630,Rmek,Yska,1950-04-02,53624041755,Ul. Towska31,376051390
631,Imek,Uska,1977-03-02,53850640005,Ul. Towska56,841892184
632,Wmka,Yska,1974-10-12,43654564868,Ul. Yowa68,463964312
633,Omek,Pski,1949-04-02,42990514316,Ul. Wowa95,897000064
634,Mmek,Kska,1987-11-28,62971488712,Ul. Howa11,786795867
635,Kmka,Oski,1992-07-11,43001014504,Ul. Kowska66,661865402
636,Qmka,Mska,1997-06-01,71184598807,Ul. Iowa30,772289257
637,Gmek,Vski,1964-04-19,81290901840,Ul. Cowa25,679854876
638,Lmek,Nska,1978-03-21,73331895769,Ul. Powska67,993592924
639,Ymek,Tska,1996-11-24,63972588848,Ul. Nowa3,742847637
640,Emka,Qska,1953-10-14,83494054488,Ul. Howa40,540761900
641,Gmka,Oska,1962-08-11,52925699000,Ul. Gowska97,393265340
642,Amek,Aska,1955-04-05,61179052304,Ul. Nowa33,755517313
643,Wmka,Iski,1996-11-20,42010123604,Ul. Bowa83,565139780
644,Lmek,Yska,1980-03-06,71322032389,Ul. Aowska6,280708236
645,Lmka,Fski,1989-08-23,43959228252,Ul. Mowa7,326349281
646,Lmek,Bska,1997-12-16,61178488842,Ul. Jowa88,756917817
647,Hmek,Dski,1982-07-27,83827052544,Ul. Uowa81,627134208
648,Wmek,Cski,1964-07-21,43430565652,Ul. Towska83,532122855
649,Ymka,Lski,1991-05-26,82094185448,Ul. Powska96,777257771
650,Amka,Nska,1946-05-11,73080726075,Ul. Wowa65,936373323
651,Rmka,Vski,1950-04-26,71391632503,Ul. Iowska13,262355378
652,Rmek,Wski,1959-04-03,83835338512,Ul. Nowa80,843527432
653,Imek,Mska,1948-06-24,53224411970,Ul. Fowska63,982059308
654,Tmka,Eska,1949-02-17,51720980045,Ul. Jowa47,161526355
655,Omek,Hski,1946-01-20,61417282496,Ul. Vowa50,953163143
656,Wmka,Qska,1962-09-25,41467707572,Ul. Iowa55,180621228
657,Omek,Jska,1981-07-02,51775740460,Ul. Kowska49,774694152
658,Pmek,Cski,1971-11-11,63403158274,Ul. Lowa64,171325183
659,Kmka,Eski,1977-11-25,72425638922,Ul. Vowska10,942753360
660,Nmka,Aski,1958-03-22,63450839980,Ul. Powska11,338831266
661,Ymka,Vski,1974-12-06,83642600424,Ul. Mowska50,771426649
662,Xmka,Yski,1981-05-27,42962303756,Ul. Powska98,559637560
663,Jmka,Iska,1978-04-25,41299860744,Ul. Lowa61,156331406
664,Emek,Vski,1969-12-18,42162111544,Ul. Wowska7,311221255
665,Imek,Iska,1980-06-14,73250711676,Ul. Uowska9,790434741
666,Dmka,Rski,1998-10-23,83425877424,Ul. Lowa82,475701492
667,Nmek,Lski,1988-06-17,53115440100,Ul. Powska26,447776192
668,Wmka,Bska,1957-06-18,61448330656,Ul. Jowska49,719241328
669,Lmek,Pska,1968-08-09,63217696284,Ul. Rowa21,320789961
670,Amek,Gska,1992-04-18,82905649592,Ul. Gowska98,476564440
671,Mmka,Iska,1955-08-24,51478303905,Ul. Dowska71,779037970
672,Hmka,Qska,1955-08-04,43517055040,Ul. Qowska94,129417951
673,Cmka,Sski,1973-02-20,41245524180,Ul. Yowska30,376785533
674,Bmek,Mska,1983-03-24,71152327806,Ul. Nowa76,474927020
675,Qmek,Rski,1996-02-06,41463920204,Ul. Mowska18,929915856
676,Ymek,Tska,1967-11-10,52384736430,Ul. Bowa52,763336029
677,Nmka,Oska,1952-01-06,63228898634,Ul. Lowa30,178032088
678,Umek,Jski,1994-09-14,62831200146,Ul. Wowa99,227519306
679,Omka,Qski,1979-05-11,53232344000,Ul. Howska34,136006079
680,Jmek,Tski,1973-09-03,73535902174,Ul. Rowa74,587456655
681,Dmka,Kski,1984-07-03,53593525275,Ul. Howska67,659238702
682,Gmka,Tska,1948-12-07,41139135948,Ul. Qowa99,774012845
683,Bmek,Iski,1956-08-20,52028254215,Ul. Qowska40,167522122
684,Rmka,Mski,1987-04-24,64263108766,Ul. Mowska71,833349528
685,Dmek,Jska,1951-10-07,81679989064,Ul. Uowa35,489101528
686,Dmka,Rski,1968-11-23,84018852136,Ul. Nowa58,381533543
687,Vmka,Jski,1982-07-08,51288531905,Ul. Towa4,696381318
688,Rmek,Pski,1990-11-27,43498039416,Ul. Towska99,347030789
689,Hmek,Xski,1994-05-10,61744365004,Ul. Sowa76,496047276
690,Smka,Yski,1961-02-10,41389886004,Ul. Wowa8,525520935
691,Wmek,Qski,1957-10-07,52811434985,Ul. Oowska47,176103733
692,Xmek,Qski,1955-07-10,41810116824,Ul. Rowa65,323826313
693,Emka,Uska,1963-01-17,73127478155,Ul. Howa86,996111005
694,Imka,Hski,1954-01-12,81194860344,Ul. Bowska28,463543864
695,Wmek,Oska,1956-02-13,63480347346,Ul. Cowa37,932291636
696,Nmek,Gski,1988-10-04,71407416053,Ul. Mowa25,793635140
697,Omek,Kski,1945-04-19,53531777590,Ul. Yowska11,933158931
698,Imka,Uska,1989-01-06,43184269600,Ul. Towa53,444594196
699,Cmka,Nski,1945-05-15,41816882588,Ul. Iowa93,444598496
700,Amek,Aska,1966-02-02,72859409209,Ul. Fowa86,761285255
701,Hmek,Fski,1956-08-28,62297965406,Ul. Rowska43,913734117
702,Qmek,Gski,1946-05-11,42193137628,Ul. Powska64,752624336
703,Gmek,Pska,1955-05-24,41257530788,Ul. Jowska86,411880544
704,Rmek,Uski,1965-06-18,71820274599,Ul. Powa5,372655926
705,Cmka,Yska,1983-09-01,53682003535,Ul. Wowa26,855647256
706,Pmka,Sski,1988-01-19,81248790560,Ul. Jowa93,746660720
707,Nmka,Hski,1953-06-28,53601066970,Ul. Dowska34,714566731
708,Ymka,Wska,1946-07-18,82136858696,Ul. Oowska89,660054048
709,Nmka,Sski,1953-09-04,53748123555,Ul. Uowska56,147731126
710,Wmka,Xski,1953-10-03,71739932832,Ul. Jowa22,737323517
711,Smek,Hski,1959-06-03,42453600676,Ul. Sowska7,477830228
712,Umka,Hski,1998-11-17,42740076896,Ul. Fowska94,426234536
713,Kmka,Pska,1997-10-23,43475305220,Ul. Xowa75,461836272
714,Lmek,Sski,1981-07-14,83416818888,Ul. Xowa81,173412691
715,Umka,Rska,1982-03-02,72890586618,Ul. Kowa23,565171330
716,Wmka,Lska,1973-12-16,54199846140,Ul. Eowa29,399436624
717,Ymek,Rski,1976-11-06,52204398645,Ul. Dowa81,423716220
718,Ymek,Dski,1988-08-20,61115183702,Ul. Bowa55,122600887
719,Kmek,Nski,1955-08-07,81795099536,Ul. Rowska54,555035860
720,Dmek,Jski,1990-01-22,62170023274,Ul. Mowa50,749715614
721,Omek,Sska,1956-04-15,54191405720,Ul. Gowa16,294315902
722,Tmka,Yska,1979-05-17,81138403416,Ul. Uowa73,877326272
723,Kmka,Sski,1998-01-21,54242259775,Ul. Bowska18,974761873
724,Gmek,Aska,1991-07-06,73774370751,Ul. Wowska61,241352672
725,Jmka,Wski,1971-09-04,42223570224,Ul. Vowa75,720070518
726,Vmek,Mska,1950-02-06,61598735592,Ul. Nowska19,988047428
727,Jmka,Pska,1990-03-05,53838530575,Ul. Jowska82,259054038
728,Mmka,Oska,1975-12-15,41390098112,Ul. Powska23,541249415
729,Pmek,Eska,1979-07-16,73833586513,Ul. Aowa2,414971304
730,Emek,Aska,1962-08-05,82246736944,Ul. Yowa22,583512545
731,Qmek,Vska,1971-09-24,62382339030,Ul. Mowa69,615369174
732,Ymek,Qski,1969-02-10,52140599830,Ul. Dowska40,970980082
733,Jmek,Yska,1972-09-11,61808851974,Ul. Iowska90,642179940
734,Imka,Uski,1973-02-28,81194138584,Ul. Yowska67,994833426
735,Wmka,Jska,1954-07-23,43310433304,Ul. Powa46,795356597
736,Emka,Uski,1951-08-09,51680250010,Ul. Towska69,243503370
737,Omka,Mski,1992-03-17,73681989616,Ul. Jowska85,882631736
738,Tmka,Lski,1972-12-19,81468374416,Ul. Bowa84,460692560
739,Dmek,Tski,1977-09-21,71867862127,Ul. Eowa33,972656321
740,Nmka,Kski,1983-03-11,83855382528,Ul. Dowa20,733909907
741,Emka,Sska,1990-05-03,82240137168,Ul. Nowska82,125413539
742,Tmka,Lska,1971-11-16,61181329960,Ul. Nowa55,448672516
743,Nmka,Qski,1978-08-11,41490953764,Ul. Mowa1,862328000
744,Amka,Qska,1998-09-24,51043701025,Ul. Iowa45,345087747
745,Omka,Uski,1952-08-04,61739561580,Ul. Towa24,832353152
746,Omek,Vska,1946-02-21,73360216305,Ul. Aowa12,234315894
747,Pmek,Yska,1962-03-07,43978494084,Ul. Aowa65,518320615
748,Gmek,Lska,1947-12-20,53645112895,Ul. Howska54,262008498
749,Kmek,Mska,1981-11-08,51520777065,Ul. Nowska6,965448761
750,Gmek,Mska,1953-01-17,62840108246,Ul. Xowa38,111728241
751,Umka,Uski,1976-06-23,42936763320,Ul. Oowska98,755683498
752,Hmka,Jski,1961-11-16,64037300416,Ul. Mowska4,387951927
753,Wmek,Gska,1966-06-16,62563137518,Ul. Iowska71,869529040
754,Kmek,Jski,1993-12-24,72648304599,Ul. Xowa63,299765480
755,Rmek,Iski,1948-01-10,43440907816,Ul. Jowa20,674665588
756,Smka,Jska,1970-11-03,52789691780,Ul. Mowa99,817742792
757,Wmka,Kska,1967-02-03,54207596140,Ul. Cowska15,423716928
758,Smek,Aska,1999-11-15,84173968832,Ul. Bowska69,942818898
759,Jmek,Xska,1947-08-09,42374239440,Ul. Yowska97,910537241
760,Vmka,Jska,1985-06-05,72110587131,Ul. Rowa99,634230044
761,Umek,Uski,1972-01-25,74156274727,Ul. Howa81,372816398
762,Pmek,Aski,1971-07-21,43889985328,Ul. Iowa89,812578024
763,Qmka,Sska,1969-08-06,71535128548,Ul. Eowska51,986912761
764,Smka,Xski,1965-02-06,82569298248,Ul. Dowa11,132318739
765,Dmek,Nski,1961-05-14,41749941840,Ul. Kowa65,216118304
766,Vmka,Qska,1953-11-22,63185751290,Ul. Bowska6,993364708
767,Smka,Cska,1993-12-15,61083435996,Ul. Mowa51,922437717
768,Ymka,Sska,1958-02-03,63096970770,Ul. Vowa88,768928312
769,Lmka,Pska,1958-01-26,71244883202,Ul. Bowska11,668036140
770,Xmek,Eska,1946-03-22,61811244832,Ul. Howa48,610993776
771,Cmka,Eski,1959-05-23,72817611081,Ul. Kowa15,623788356
772,Pmek,Hski,1967-02-07,54263517275,Ul. Lowska42,221650452
773,Fmka,Fska,1997-02-18,51981781230,Ul. Aowa11,411148388
774,Kmka,Xski,1949-12-22,81155697952,Ul. Jowa99,398903045
775,Lmek,Jski,1991-09-07,53621079250,Ul. Fowa13,379751633
776,Fmek,Nska,1960-11-14,71723422782,Ul. Bowska25,274315280
777,Umka,Bska,1957-11-01,61662961592,Ul. Towska11,360075921
778,Ymek,Rska,1996-04-12,64245813886,Ul. Iowa91,983783339
779,Tmek,Cska,1963-06-01,72015280605,Ul. Kowska64,353873377
780,Vmek,Tska,1964-04-24,62599285698,Ul. Oowa46,747851198
781,Emek,Nski,1964-11-27,82906147616,Ul. Xowska6,734298373
782,Xmka,Lska,1999-01-14,82640412456,Ul. Mowa7,465410828
783,Tmek,Kski,1976-03-07,51436882735,Ul. Cowa39,298121362
784,Dmka,Eska,1958-09-18,72546009606,Ul. Bowa63,172302552
785,Smek,Kski,1993-09-01,63413490194,Ul. Iowska40,874528720
786,Amek,Vski,1978-07-04,62643304754,Ul. Gowa76,439838080
787,Amka,Nski,1982-08-04,43684439040,Ul. Eowa56,376196006
788,Imka,Sska,1946-02-15,42133075452,Ul. Fowska80,479383240
789,Qmka,Vski,1983-02-13,62525997080,Ul. Cowska7,790607667
790,Tmka,Jski,1959-12-04,42366481168,Ul. Xowska81,870911648
791,Pmka,Sska,1959-02-24,42364376496,Ul. Nowa84,313089592
792,Omek,Jska,1962-08-11,53568515970,Ul. Towska57,235315250
793,Tmek,Uska,1955-04-17,81222964440,Ul. Lowska50,579966725
794,Pmka,Cski,1960-02-24,71560610294,Ul. Vowska55,464591124
795,Kmek,Uska,1970-12-08,52551817275,Ul. Oowska43,395682878
796,Jmka,Qska,1968-10-27,44144946256,Ul. Yowska98,251846440
797,Omek,Fska,1990-02-09,62121690992,Ul. Vowa66,642374198
798,Lmek,Lski,1952-12-03,71613835329,Ul. Lowska79,867886704
799,Mmek,Gska,1963-10-15,81130043608,Ul. Xowska2,963090376
800,Tmek,Uska,1985-08-21,52793780180,Ul. Oowska62,958418179
801,Fmka,Cski,1977-04-15,42924782544,Ul. Howa98,911908702
802,Pmek,Kski,1952-06-21,72277328310,Ul. Qowa85,356552980
803,Smek,Uski,1964-12-25,53173970990,Ul. Uowska79,648109612
804,Emka,Nska,1986-02-07,63361417132,Ul. Gowa56,823538520
805,Dmka,Mski,1974-10-05,72972947187,Ul. Eowska40,995041182
806,Tmek,Pski,1987-01-11,41662712912,Ul. Xowa54,298126714
807,Ymka,Mski,1987-11-10,82290359160,Ul. Gowska47,639948918
808,Cmek,Hski,1951-09-24,71502049233,Ul. Qowa34,893574744
809,Wmka,Nski,1970-09-06,83245710472,Ul. Sowska37,655536962
810,Imka,Yski,1977-07-16,42797037836,Ul. Lowska19,594685975
811,Amka,Uska,1973-05-19,73554363882,Ul. Gowska22,681858440
812,Xmka,Dski,1992-08-13,71062130366,Ul. Oowska5,920292627
813,Nmka,Hska,1969-08-22,73083105684,Ul. Kowa83,273463432
814,Cmka,Jski,1991-10-04,63792711990,Ul. Cowa61,123632053
815,Imka,Cski,1968-08-23,53848972955,Ul. Powa74,992820051
816,Pmek,Eska,1968-11-12,64249903858,Ul. Wowska27,139619299
817,Jmek,Nska,1958-07-09,53465359720,Ul. Mowa23,756421679
818,Nmek,Tska,1948-06-19,41123022264,Ul. Bowa13,794081620
819,Jmek,Gski,1967-04-10,61695915642,Ul. Cowska24,842576344
820,Vmek,Tski,1973-10-27,61804455484,Ul. Bowa4,683782922
821,Kmka,Rska,1986-06-28,53732342055,Ul. Towa49,720209037
822,Xmka,Cska,1973-09-01,82730327968,Ul. Uowska54,266448860
823,Jmek,Wska,1960-07-04,73808807987,Ul. Rowa40,230010652
824,Pmka,Oski,1963-02-05,62487183466,Ul. Bowa93,228501008
825,Xmek,Mska,1996-10-02,61587191448,Ul. Eowska9,173008697
826,Nmka,Gska,1986-01-23,51811652405,Ul. Gowska19,396672279
827,Vmka,Dska,1998-03-22,62155730662,Ul. Fowa41,825392400
828,Omek,Iska,1953-10-07,73591091581,Ul. Vowa4,439289364
829,Gmka,Tska,1981-06-03,52923719540,Ul. Sowska94,113924099
830,Cmek,Dski,1945-05-16,53032549275,Ul. Nowska89,635481168
831,Lmka,Eska,1974-07-07,83450215584,Ul. Lowska97,773850078
832,Qmek,Tska,1989-06-07,64047436350,Ul. Fowa90,865670128
833,Kmka,Vska,1995-06-04,82167864552,Ul. Sowa51,894339176
834,Pmka,Kski,1992-01-04,62866554654,Ul. Vowa95,538260000
835,Mmka,Iski,1993-07-07,72936797652,Ul. Powska27,855786136
836,Omka,Kska,1965-06-19,51148728745,Ul. Cowa62,992680036
837,Kmka,Pska,1988-11-07,51936944505,Ul. Cowska71,696549256
838,Xmek,Hska,1986-02-04,42702528448,Ul. Kowa20,262444774
839,Jmek,Bski,1978-12-22,44052583372,Ul. Howska1,286118192
840,Hmka,Wski,1958-11-11,73656850164,Ul. Oowska72,486306360
841,Jmka,Hska,1991-07-06,53210625315,Ul. Vowa2,618645218
842,Emka,Kski,1946-10-19,82290866544,Ul. Cowska95,967380683
843,Pmek,Lska,1950-05-25,62042298112,Ul. Wowa37,512327505
844,Emka,Uski,1954-12-01,82310904104,Ul. Howa31,568768740
845,Ymka,Nski,1953-12-05,82052586360,Ul. Qowa37,940139958
846,Rmka,Xska,1995-07-21,53020159325,Ul. Iowa2,346325533
847,Kmek,Wski,1952-10-14,53619449820,Ul. Bowa6,992512798
848,Umek,Aski,1950-01-07,52595422300,Ul. Howska94,242804028
849,Umek,Qski,1971-01-22,42718627960,Ul. Xowa19,768302571
850,Xmka,Nski,1957-05-14,61364143248,Ul. Jowa72,128906392
851,Nmka,Nska,1958-03-12,84029106096,Ul. Mowska26,463703020
852,Nmek,Vski,1986-02-27,61803740446,Ul. Howska68,646759672
853,Emka,Rski,1953-07-27,51273243455,Ul. Fowa44,466378916
854,Lmek,Kska,1997-10-07,71988624388,Ul. Aowska88,182427708
855,Kmka,Tska,1993-01-16,73431050122,Ul. Nowska67,561435865
856,Imka,Gski,1975-04-08,72143721571,Ul. Oowska10,730202177
857,Vmek,Mski,1983-01-27,41972105016,Ul. Kowa55,815494304
858,Tmek,Fski,1993-04-10,71367097281,Ul. Uowska82,355678567
859,Hmek,Sska,1987-02-08,63623579992,Ul. Powa48,555609015
860,Omka,Rska,1998-02-11,74184605366,Ul. Uowska27,768312714
861,Qmka,Kski,1956-10-18,64156116730,Ul. Yowska48,574535580
862,Omka,Uska,1958-02-17,84164854976,Ul. Powska35,332514142
863,Imek,Tska,1971-09-26,41490167552,Ul. Oowa38,271533242
864,Vmka,Wski,1957-04-26,43580927448,Ul. Towska74,437278084
865,Bmka,Xski,1969-01-01,72250781809,Ul. Lowska66,381631839
866,Emka,Eska,1967-12-20,53579062875,Ul. Qowa79,262430632
867,Xmek,Bska,1967-07-24,42105843724,Ul. Powa57,746466157
868,Fmek,Jska,1977-10-16,44179288548,Ul. Rowska61,385515771
869,Pmka,Mski,1973-07-18,42150590900,Ul. Rowa4,616137974
870,Omka,Fski,1989-02-09,44275114512,Ul. Howa96,312384315
871,Qmka,Yski,1964-09-22,42353893712,Ul. Oowa75,621920228
872,Fmka,Bski,1995-09-17,61634093350,Ul. Cowa41,852937192
873,Kmka,Uski,1953-06-23,71558062351,Ul. Fowa7,439317736
874,Smek,Nska,1945-09-06,72726842016,Ul. Gowska20,938266211
875,Hmka,Xska,1947-12-26,84032503416,Ul. Rowa10,278212410
876,Xmek,Mski,1959-04-09,73068185904,Ul. Eowska25,750619819
877,Ymka,Hska,1959-05-11,73090400693,Ul. Wowska67,323639525
878,Ymek,Rska,1958-12-02,63599625340,Ul. Xowa28,680435702
879,Bmka,Aska,1971-07-22,84025121320,Ul. Mowska31,297415392
880,Rmka,Cski,1958-11-09,84136416872,Ul. Aowa68,582081165
881,Bmka,Rska,1947-04-03,41173689488,Ul. Oowska30,856943904
882,Amka,Yski,1993-07-09,43367051688,Ul. Oowa55,361479452
883,Rmek,Kska,1979-07-25,44130135824,Ul. Sowa59,633290624
884,Bmka,Qska,1953-02-28,62131261280,Ul. Xowa75,542045930
885,Fmka,Eski,1951-03-10,51701957410,Ul. Jowska90,848841264
886,Kmek,Iski,1987-07-28,53418101280,Ul. Nowska83,681967740
887,Qmek,Kski,1972-06-20,41230658008,Ul. Yowska63,353907905
888,Kmek,Cski,1966-10-26,72537476174,Ul. Bowa6,677042276
889,Gmka,Kska,1972-03-16,62377821546,Ul. Nowska92,186727352
890,Omek,Xski,1981-11-14,53503088065,Ul. Gowska44,647874414
891,Emka,Uska,1990-06-05,83678847088,Ul. Lowa61,423305676
892,Lmka,Lski,1983-10-11,62648365366,Ul. Oowa66,265209006
893,Ymka,Wska,1959-11-05,82542147800,Ul. Xowa30,843642544
894,Dmka,Tski,1978-03-23,71734002048,Ul. Rowska17,859337312
895,Lmka,Cski,1966-02-18,41803882164,Ul. Yowa25,539839480
896,Bmka,Wski,1946-10-20,41394442716,Ul. Gowa12,863301032
897,Omek,Jski,1997-07-17,53173833780,Ul. Rowska47,380759280
898,Ymek,Kska,1974-07-11,81138029832,Ul. Gowa37,338982824
899,Tmka,Aska,1965-06-22,83958322544,Ul. Aowa70,820643392
900,Pmek,Yski,1993-02-08,52622543420,Ul. Uowa51,956034990
901,Lmka,Eska,1982-08-09,83613823552,Ul. Bowa39,733827489
902,Fmka,Cski,1952-03-07,73103758184,Ul. Vowa84,517652555
903,Nmek,Oska,1989-11-10,83748021184,Ul. Wowa69,280416426
904,Cmek,Bska,1994-07-15,61987125220,Ul. Mowska40,446093008
905,Vmek,Oska,1979-04-28,61564624188,Ul. Lowska49,227511508
906,Nmek,Dski,1985-12-13,84105262960,Ul. Xowska92,760686597
907,Cmek,Hska,1953-08-16,82971815088,Ul. Howska40,583486950
908,Wmek,Gska,1963-12-17,53334350755,Ul. Towa85,418926040
909,Hmka,Mski,1957-05-14,52920547635,Ul. Fowska73,977916225
910,Smek,Cski,1977-05-11,72254329542,Ul. Eowa40,472235340
911,Gmek,Gska,1983-05-06,71789478227,Ul. Vowska53,691392978
912,Fmek,Rski,1991-05-03,72318621378,Ul. Yowska45,967562692
913,Cmka,Kski,1982-02-24,82107100424,Ul. Bowska54,122408372
914,Amek,Gska,1969-10-05,53854774700,Ul. Gowa62,627938400
915,Wmek,Uska,1963-10-15,71999357213,Ul. Towa27,820882848
916,Tmek,Lska,1972-06-08,62786524770,Ul. Kowska25,286321950
917,Nmka,Tska,1980-04-24,71742056254,Ul. Fowska88,921008044
918,Fmek,Dski,1976-12-01,53742005220,Ul. Cowska39,848663552
919,Dmek,Kski,1984-12-27,53761565395,Ul. Cowa31,761071374
920,Umek,Eska,1981-12-04,83669137080,Ul. Towska81,825965672
921,Emka,Aski,1975-05-24,72804606199,Ul. Wowska17,554289435
922,Amek,Bska,1961-10-05,41666246156,Ul. Vowska3,173032733
923,Tmek,Wska,1953-05-03,82321071240,Ul. Uowska83,391697092
924,Emek,Wski,1962-10-28,62259146512,Ul. Kowska23,567201560
925,Ymka,Nski,1990-11-12,41358483864,Ul. Howa37,248548478
926,Smek,Hski,1950-08-24,42293341184,Ul. Mowska35,278836220
927,Smek,Wski,1948-11-02,71114335959,Ul. Aowska55,531541050
928,Pmek,Aski,1955-04-10,54041723565,Ul. Qowska5,717045992
929,Vmek,Jska,1969-05-14,81659901936,Ul. Dowa90,975121148
930,Cmek,Kski,1960-10-26,62096848818,Ul. Rowa67,841528864
931,Amek,Oska,1988-10-20,61940080160,Ul. Powska66,367624447
932,Omka,Wski,1957-06-20,53032390795,Ul. Xowska34,893336216
933,Qmka,Kski,1973-08-08,43049779312,Ul. Cowska74,259535336
934,Jmek,Xska,1975-08-28,82465307168,Ul. Cowa83,961666445
935,Pmka,Iska,1996-12-05,71681401411,Ul. Lowska84,645038322
936,Smka,Wska,1966-05-17,51439500775,Ul. Fowa67,866159192
937,Emek,Pski,1945-03-13,53230387900,Ul. Qowska32,736730879
938,Nmka,Eski,1946-11-05,63149397992,Ul. Dowska13,381536993
939,Fmka,Hska,1980-03-02,52136450960,Ul. Bowska29,544231430
940,Amka,Bska,1968-12-10,83109308912,Ul. Uowska13,863593272
941,Fmka,Fska,1976-06-05,71542492918,Ul. Gowa57,259052884
942,Qmka,Dski,1953-06-13,52260923570,Ul. Towa38,575463505
943,Amka,Nska,1986-10-14,83465502544,Ul. Fowa69,590246425
944,Lmek,Cska,1984-07-05,43696222396,Ul. Fowa28,688548666
945,Ymka,Dska,1955-09-12,72242072121,Ul. Lowa93,417993216
946,Wmek,Xska,1973-05-08,82827206096,Ul. Kowa91,792181732
947,Dmka,Tska,1954-09-09,54190005005,Ul. Vowska26,146811513
948,Qmek,Gska,1975-06-24,53769906270,Ul. Oowa16,673091880
949,Wmka,Nski,1986-12-23,51393342210,Ul. Nowa37,772556455
950,Qmka,Gska,1975-09-18,62960135088,Ul. Rowska55,689106020
951,Dmka,Vski,1996-09-27,71193320225,Ul. Vowa67,629143062
952,Pmka,Lska,1964-06-26,72261523508,Ul. Sowa37,673051192
953,Umka,Xska,1968-08-17,53251827735,Ul. Vowa31,461014652
954,Imka,Rski,1966-05-20,62410359766,Ul. Powska60,825235304
955,Cmka,Lska,1986-05-13,62827377544,Ul. Wowska13,543998180
956,Rmek,Aski,1989-01-12,63017316080,Ul. Iowa96,873946088
957,Fmka,Yska,1994-04-10,53882134650,Ul. Aowska71,552291725
958,Emek,Cska,1983-12-21,62566500224,Ul. Howa88,337922656
959,Xmka,Qski,1970-09-22,62698420676,Ul. Bowska33,346969303
960,Fmek,Bska,1995-10-24,41691933704,Ul. Rowa51,324934305
961,Ymek,Kski,1953-08-11,64263082688,Ul. Vowa99,280850094
962,Mmek,Lska,1991-01-26,83178806376,Ul. Yowa72,149513584
963,Rmka,Pska,1967-01-26,52605101635,Ul. Iowska44,398024483
964,Tmka,Xska,1955-10-28,72131824558,Ul. Nowa9,191410776
965,Umka,Kska,1946-12-14,63735418642,Ul. Xowska12,693288716
966,Hmek,Aska,1947-09-13,82359651040,Ul. Aowska92,454201548
967,Gmek,Lska,1998-02-09,62707489204,Ul. Iowska19,279229124
968,Jmka,Oska,1968-07-12,73268010560,Ul. Uowska25,159707090
969,Hmek,Rski,1974-09-21,43278555348,Ul. Iowa53,113202729
970,Nmka,Qska,1949-06-16,53135764530,Ul. Dowska82,627376754
971,Kmek,Dska,1973-06-24,71526672429,Ul. Xowa75,987301143
972,Qmka,Eski,1973-07-22,82393225576,Ul. Howa8,694566992
973,Emka,Jska,1962-02-28,72233318146,Ul. Qowa16,894363424
974,Nmka,Cska,1998-03-14,43619526984,Ul. Sowska22,189728679
975,Pmek,Eska,1981-11-26,62500081620,Ul. Gowa81,641227600
976,Jmka,Sska,1948-05-28,61715368640,Ul. Aowska15,455774152
977,Imka,Tski,1988-11-05,61578693720,Ul. Kowa46,780322605
978,Smka,Kski,1973-12-11,53561239440,Ul. Towa45,190209544
979,Dmek,Iska,1974-01-07,74148732088,Ul. Mowska59,190818573
980,Jmka,Tski,1976-06-13,41804513028,Ul. Vowska49,818353320
981,Fmka,Mska,1967-05-26,43932519364,Ul. Uowa38,360676629
982,Ymka,Yski,1984-02-08,51072837180,Ul. Powa33,996569300
983,Jmek,Pski,1985-10-03,73356387544,Ul. Fowa75,911846295
984,Tmka,Xski,1969-04-09,61591374454,Ul. Qowska71,875526264
985,Qmka,Uski,1976-06-22,63720180984,Ul. Powa34,516934550
986,Xmka,Rski,1964-03-15,52458364395,Ul. Gowska17,947386805
987,Wmek,Gski,1979-12-15,81920881392,Ul. Fowa51,797247035
988,Cmka,Tska,1956-09-20,81645898744,Ul. Iowska87,485112328
989,Dmka,Oski,1972-12-09,73559225186,Ul. Lowa31,754842821
990,Rmek,Eska,1981-01-15,52553076600,Ul. Jowa77,526691290
991,Imek,Vski,1990-02-05,43279361868,Ul. Aowa54,885956248
992,Cmka,Gska,1946-11-15,84176118840,Ul. Xowska53,587385670
993,Nmek,Cska,1990-10-16,81152452552,Ul. Bowska71,882069496
994,Kmka,Xska,1945-04-01,51107311235,Ul. Cowa49,683820216
995,Smek,Iska,1958-04-03,62676728910,Ul. Nowa6,621782772
996,Smek,Pska,1967-06-21,73197453123,Ul. Wowska76,630144142
997,Omka,Fski,1999-01-09,52393954095,Ul. Jowa50,445012188
998,Xmka,Aski,1989-02-10,42786599056,Ul. Powska13,949060713
999,Tmka,Hska,1995-03-09,43549493720,Ul. Eowa74,719629152
1000,Ymek,Bski,1975-04-18,64195407262,Ul. Bowa13,380152779


