1,Emka,Qski,1986-09-01,42909231104,Ul. Rowa,89,257340772
2,Rmek,Pski,1968-07-07,62173853004,Ul. Aowa,74,987011961
3,Mmek,Cski,1955-01-25,74124504211,Ul. Wowa,63,450710612
4,Hmek,Lska,1976-10-12,53402049370,Ul. Bowa,65,851119576
5,Xmka,Nska,1992-04-23,52590443290,Ul. Sowska,67,377648432
6,Bmka,Qski,1949-12-22,51156528395,Ul. Mowa,32,219428914
7,Emka,Vska,1953-07-16,84052047368,Ul. Nowska,72,658481810
8,Kmek,Aska,1980-02-26,74100885575,Ul. Eowska,50,483980380
9,Mmka,Eska,1957-01-22,73707204440,Ul. Kowska,55,371080250
10,Ymek,Bska,1996-10-17,43797163676,Ul. Iowa,2,792219742
11,Bmek,Fska,1984-02-23,72589800336,Ul. Sowska,6,123902122
12,Lmek,Yski,1983-02-05,84198537400,Ul. Bowska,81,249848626
13,Dmka,Uska,1955-11-01,41018002020,Ul. Uowska,22,520053830
14,Amek,Qski,1948-02-04,61987224050,Ul. Xowa,89,383424948
15,Fmka,Fska,1976-11-02,61868978930,Ul. Vowska,9,365761209
16,Hmka,Gska,1998-12-24,82959234432,Ul. Gowa,41,543272820
17,Rmka,Cska,1993-10-16,54026723345,Ul. Vowa,83,751861945
18,Cmek,Dski,1989-06-19,82363139600,Ul. Howa,54,180503511
19,Hmka,Rski,1989-09-05,82382143648,Ul. Xowa,73,283312154
20,Fmek,Aska,1987-07-12,61284857638,Ul. Lowska,59,633786784
21,Dmek,Jski,1991-03-08,74215279492,Ul. Aowska,12,959136674
22,Cmek,Hska,1957-04-10,43369880528,Ul. Mowska,98,278703464
23,Tmek,Sski,1983-04-08,42983483140,Ul. Kowska,44,251922864
24,Smka,Fska,1990-04-27,61716605966,Ul. Yowa,18,825749960
25,Gmek,Nski,1974-01-19,81257080728,Ul. Yowa,23,858914896
26,Wmek,Sska,1968-07-14,41813804904,Ul. Oowa,79,675110412
27,Imek,Qska,1961-08-08,74166114882,Ul. Xowska,14,234713672
28,Mmka,Tski,1983-02-19,81879973312,Ul. Nowska,49,578514940
29,Bmka,Gska,1985-08-03,43017527124,Ul. Uowska,88,970945331
30,Bmka,Dska,1995-07-14,62693401100,Ul. Xowska,5,428079176
31,Smek,Iski,1994-10-08,51507644225,Ul. Yowska,26,876594480
32,Gmka,Iska,1976-05-27,81039082896,Ul. Rowa,31,916967228
33,Qmka,Wska,1976-12-03,72616811650,Ul. Wowska,23,541903925
34,Umek,Aska,1978-09-18,62815133668,Ul. Oowa,27,724949310
35,Rmka,Bski,1964-09-05,52054430800,Ul. Vowska,76,860835904
36,Imka,Iska,1986-09-27,53372958420,Ul. Vowska,96,580047185
37,Smek,Qski,1953-05-08,71366808925,Ul. Gowa,97,124426536
38,Jmka,Oski,1987-04-23,83900389040,Ul. Howa,55,560810260
39,Xmka,Qska,1977-09-09,71384060314,Ul. Howa,6,652183142
40,Gmka,Lski,1946-10-04,61591949640,Ul. Jowa,27,392806669
41,Imek,Uski,1965-12-05,72218412198,Ul. Oowska,30,139606689
42,Amek,Dska,1973-08-23,52755592040,Ul. Rowa,45,942741535
43,Dmek,Lska,1945-02-10,63266002330,Ul. Qowa,9,440603272
44,Xmka,Xska,1993-09-09,53152141645,Ul. Kowa,53,824853336
45,Omek,Pski,1957-08-01,43206123764,Ul. Qowska,89,886342712
46,Gmek,Oski,1952-05-08,71102543514,Ul. Iowa,2,119400827
47,Cmek,Iska,1964-09-19,53277951100,Ul. Rowska,29,491439572
48,Nmek,Hski,1963-01-14,74040927496,Ul. Uowska,54,459826784
49,Dmek,Rski,1998-09-23,54003864735,Ul. Uowa,93,175117430
50,Bmek,Lska,1998-08-10,82301219320,Ul. Bowa,82,978135017
51,Emka,Hski,1968-01-24,61912822274,Ul. Lowa,60,513957240
52,Bmka,Vska,1995-10-15,81883739472,Ul. Gowa,64,441265848
53,Vmka,Dska,1976-08-20,52646912545,Ul. Eowa,12,778750661
54,Fmek,Kska,1992-08-15,41519181068,Ul. Cowska,91,570369880
55,Dmka,Sska,1999-10-10,81301730936,Ul. Qowa,45,353575015
56,Imek,Eska,1976-05-17,82498043136,Ul. Towska,62,846821288
57,Xmek,Jska,1974-12-10,42085637668,Ul. Kowa,62,897600480
58,Pmek,Iska,1964-09-05,82117134640,Ul. Iowa,86,163212608
59,Xmka,Dska,1968-01-20,51937380825,Ul. Yowska,77,756646524
60,Omek,Mska,1968-12-23,63509637590,Ul. Jowa,79,462786712
61,Gmka,Uski,1989-01-16,43632008324,Ul. Fowa,14,424207484
62,Xmka,Uska,1973-11-27,82539123656,Ul. Powska,71,435684196
63,Bmka,Mska,1995-08-10,52674306870,Ul. Mowa,3,251437494
64,Imka,Rska,1981-09-05,84182474928,Ul. Powska,98,276830416
65,Mmek,Nski,1992-03-02,43682730096,Ul. Powska,84,239634336
66,Ymek,Rska,1971-07-25,82869033496,Ul. Fowa,6,838075640
67,Fmka,Gski,1979-05-04,84005237688,Ul. Xowska,11,564607940
68,Pmka,Tski,1989-03-07,42142081556,Ul. Powa,49,675141202
69,Bmek,Gska,1972-11-28,73549934085,Ul. Towa,43,389212723
70,Qmka,Pska,1973-12-12,51551270700,Ul. Qowa,92,365143101
71,Dmek,Nski,1972-07-07,71507736925,Ul. Sowa,49,334248618
72,Nmek,Oski,1992-07-14,53206243240,Ul. Sowska,12,798927216
73,Omka,Uska,1965-03-27,82907136256,Ul. Xowa,8,430694288
74,Vmek,Vski,1985-02-14,41946021284,Ul. Uowa,89,924723372
75,Fmka,Jska,1965-07-05,42228314200,Ul. Lowa,10,423722952
76,Pmek,Bska,1994-12-09,81723456560,Ul. Rowska,18,327789655
77,Xmek,Wska,1960-05-06,73066270079,Ul. Powa,49,826367616
78,Dmek,Xska,1968-09-17,72497807560,Ul. Gowa,2,654714114
79,Umek,Fski,1974-07-20,41744554548,Ul. Powa,34,324629106
80,Wmka,Jski,1963-10-24,53511552515,Ul. Mowa,50,245953112
81,Jmek,Hska,1980-01-01,53701066205,Ul. Lowska,83,193324093
82,Rmek,Uska,1984-06-01,63290333362,Ul. Gowa,85,625877724
83,Rmka,Mski,1948-05-12,53826103755,Ul. Nowska,19,810449888
84,Mmek,Gski,1947-05-15,82919395008,Ul. Qowska,38,186317516
85,Lmek,Iski,1972-05-16,62846735246,Ul. Towa,78,517857780
86,Vmek,Sski,1993-07-04,52767746730,Ul. Wowska,47,896918584
87,Nmka,Wska,1981-12-11,74050385444,Ul. Xowa,6,562121615
88,Xmka,Uski,1981-09-15,62487503000,Ul. Qowa,62,947089982
89,Jmka,Mski,1960-07-16,73453704533,Ul. Kowska,56,886988408
90,Tmek,Eski,1946-06-20,61013852850,Ul. Towa,42,611172078
91,Emka,Lska,1985-01-07,72910212532,Ul. Eowa,89,410099472
92,Hmka,Sski,1949-07-19,63118489034,Ul. Mowska,55,693965696
93,Smek,Fska,1987-10-12,53556933425,Ul. Sowa,81,149801140
94,Amka,Oski,1969-03-20,53026594840,Ul. Eowska,78,634289600
95,Vmka,Tska,1958-10-27,42536895484,Ul. Sowa,13,879256968
96,Pmek,Fski,1971-10-07,44076345748,Ul. Aowa,97,688172408
97,Bmka,Dska,1993-02-24,62830248380,Ul. Jowa,75,187409535
98,Umek,Aski,1959-08-24,82335860768,Ul. Xowa,10,372909615
99,Bmka,Kski,1975-09-15,63423213956,Ul. Xowa,69,662370320
100,Mmek,Kski,1954-10-07,72986701313,Ul. Bowska,19,189519738
101,Pmka,Kski,1996-12-09,72585617341,Ul. Cowska,5,892118352
102,Jmka,Dska,1986-03-17,43939839916,Ul. Oowa,43,569620855
103,Fmek,Fski,1992-05-28,81146848608,Ul. Towska,4,378262052
104,Wmka,Lska,1953-08-08,42390093392,Ul. Nowa,3,712375616
105,Wmka,Eski,1990-03-05,62496575444,Ul. Howa,90,280823726
106,Gmek,Nski,1989-07-05,81368451112,Ul. Rowa,34,490846472
107,Omka,Fska,1963-11-09,72754075483,Ul. Bowska,7,910151938
108,Hmka,Jski,1996-10-17,43189103600,Ul. Iowa,78,359256904
109,Mmka,Cski,1963-03-18,73875139011,Ul. Howa,98,556660345
110,Kmek,Cska,1996-09-02,82896623576,Ul. Dowa,88,825740976
111,Jmek,Oski,1953-10-06,43822393624,Ul. Uowa,25,782438824
112,Hmek,Gska,1984-06-26,41371065052,Ul. Howska,27,891668872
113,Jmka,Nski,1996-08-07,43118122204,Ul. Gowska,50,189910356
114,Jmka,Cski,1971-07-08,82053715104,Ul. Lowa,64,267259142
115,Mmek,Oski,1983-05-07,41568126280,Ul. Jowska,50,972394048
116,Dmka,Nski,1965-03-11,81115076784,Ul. Jowa,80,679105762
117,Xmek,Kska,1978-02-09,61537635502,Ul. Lowska,12,319754156
118,Imek,Lski,1960-07-05,63838820816,Ul. Wowska,66,214718012
119,Mmka,Bska,1982-03-05,81398947144,Ul. Eowska,27,724165695
120,Bmek,Eski,1962-02-13,51684914920,Ul. Bowska,19,225940972
121,Gmek,Iska,1977-06-11,52083882310,Ul. Bowska,2,827340816
122,Omek,Aski,1970-04-03,61780987960,Ul. Iowa,50,224933236
123,Bmka,Tska,1987-09-07,43807707436,Ul. Wowa,48,191518643
124,Omka,Uski,1981-06-27,83983316936,Ul. Powa,75,745056245
125,Bmek,Lska,1950-03-08,52792252965,Ul. Howska,89,994425585
126,Xmka,Lski,1983-02-05,74155724798,Ul. Powska,23,176518680
127,Dmka,Lska,1992-09-25,61095598022,Ul. Powska,58,585972155
128,Omka,Jski,1977-03-17,53997445385,Ul. Wowska,28,687621638
129,Smka,Kski,1978-01-23,53336226685,Ul. Qowa,94,295161306
130,Ymka,Oski,1986-02-27,41215317872,Ul. Aowa,38,239961228
131,Fmek,Uski,1978-06-19,43585257092,Ul. Bowa,50,917693868
132,Imka,Iska,1967-01-15,72629568175,Ul. Lowa,10,133015280
133,Rmek,Cska,1981-09-09,81751014936,Ul. Dowska,83,949328843
134,Imek,Tska,1947-11-09,51235655730,Ul. Iowa,6,190318694
135,Smek,Yski,1972-12-09,53577950185,Ul. Wowska,66,920945610
136,Qmka,Aska,1951-08-26,82420372312,Ul. Mowska,1,465901152
137,Hmek,Eska,1953-10-24,74263685463,Ul. Vowska,76,710130310
138,Lmek,Uska,1986-09-16,81022835056,Ul. Wowa,78,461524444
139,Xmka,Yska,1977-07-12,41566064308,Ul. Nowska,2,115801481
140,Wmek,Xski,1957-05-05,44272490340,Ul. Wowska,33,929385138
141,Ymek,Bska,1980-08-07,72356052759,Ul. Lowska,41,750680206
142,Pmka,Kski,1993-08-11,82298222384,Ul. Uowa,65,721909583
143,Bmka,Yski,1954-08-03,42957827036,Ul. Jowska,99,284415028
144,Nmka,Kski,1972-03-20,64173027242,Ul. Xowa,86,253736778
145,Rmka,Nska,1946-03-14,62255335876,Ul. Aowa,95,828071896
146,Smka,Jski,1991-09-22,71868723531,Ul. Cowa,20,522252145
147,Ymek,Yski,1950-06-27,71692540483,Ul. Towa,54,919641804
148,Lmek,Aska,1982-06-03,43024242396,Ul. Kowska,93,319450379
149,Amka,Qski,1981-04-13,81996645384,Ul. Howska,10,931374205
150,Rmka,Pska,1979-07-26,61455419226,Ul. Cowska,49,557622810
151,Gmek,Jska,1949-09-26,53178024190,Ul. Lowa,8,983016631
152,Wmka,Hska,1975-11-19,83367302744,Ul. Gowa,34,473605432
153,Vmek,Dska,1980-05-21,81253431296,Ul. Nowa,2,998037593
154,Jmek,Eska,1991-10-10,51141848260,Ul. Oowa,8,951737816
155,Omek,Qski,1997-01-02,41353425128,Ul. Towska,55,967820331
156,Mmek,Mska,1954-12-19,72827406062,Ul. Aowska,39,242956938
157,Qmka,Mski,1975-08-25,81337948304,Ul. Yowska,39,130608110
158,Bmek,Mska,1949-02-26,72649367403,Ul. Xowska,4,819820440
159,Wmek,Nska,1946-11-02,71627120766,Ul. Fowska,38,655619062
160,Amek,Fska,1956-11-23,73945806619,Ul. Gowa,90,621642318
161,Umek,Cska,1989-09-25,71923611025,Ul. Gowska,42,763004916
162,Mmka,Vski,1952-08-06,82784682728,Ul. Lowa,93,382117637
163,Rmek,Kski,1974-10-14,51214501420,Ul. Jowska,52,856650784
164,Tmek,Sska,1986-12-15,81070749488,Ul. Uowska,19,432605048
165,Smek,Oski,1969-06-26,71045916893,Ul. Yowa,78,434313488
166,Smek,Wski,1978-03-18,53269088200,Ul. Qowa,81,274461410
167,Rmka,Uski,1989-06-23,82247255120,Ul. Rowa,40,925229304
168,Hmek,Pski,1974-01-28,73297029437,Ul. Wowa,6,427011172
169,Bmek,Nski,1994-09-06,41654813740,Ul. Rowska,65,751906804
170,Xmek,Mska,1962-11-27,84185994392,Ul. Dowa,25,963259868
171,Hmek,Qski,1970-03-16,41941237360,Ul. Uowa,94,925125657
172,Lmka,Jska,1963-04-09,71696446137,Ul. Uowa,81,327407476
173,Qmek,Fski,1955-01-11,41785820760,Ul. Aowska,73,781833826
174,Qmka,Mski,1948-12-24,73980167552,Ul. Sowa,29,427624260
175,Omka,Dski,1967-10-05,42427716928,Ul. Xowska,60,330816548
176,Nmka,Iski,1951-12-26,72086977338,Ul. Yowska,28,275446258
177,Mmek,Vski,1973-06-12,71112622292,Ul. Jowa,21,487879944
178,Dmka,Gska,1999-03-17,62734584342,Ul. Sowa,49,770947434
179,Dmek,Fski,1961-06-06,64199314096,Ul. Qowa,30,832706048
180,Jmek,Bski,1998-01-27,72093604167,Ul. Towa,75,650590090
181,Ymek,Tska,1952-01-22,74223585787,Ul. Towa,75,552574510
182,Omka,Yska,1976-10-03,42171034196,Ul. Fowska,93,782059171
183,Nmek,Kska,1991-11-12,72833791413,Ul. Kowa,48,158602277
184,Gmek,Cska,1951-07-25,74257710553,Ul. Gowska,5,510190755
185,Emka,Rski,1971-01-11,44238997352,Ul. Jowa,55,129831580
186,Gmek,Oska,1986-08-05,62372829502,Ul. Fowa,16,737760627
187,Smek,Uski,1993-01-01,52100746725,Ul. Wowska,9,982076347
188,Ymka,Rska,1990-11-15,62927566528,Ul. Rowa,47,750963681
189,Umek,Kska,1951-10-25,62470911324,Ul. Kowska,30,338947433
190,Ymek,Pska,1999-06-19,71784719336,Ul. Dowska,25,760245082
191,Dmek,Lska,1983-05-15,74131127573,Ul. Lowa,53,141318627
192,Omka,Fska,1975-12-25,73921189292,Ul. Jowska,85,986946593
193,Omek,Sski,1985-12-24,41869575924,Ul. Jowska,19,644068450
194,Kmka,Bska,1956-01-25,63766558068,Ul. Yowa,74,756491135
195,Mmka,Aski,1953-06-22,82864662880,Ul. Nowska,77,152803076
196,Lmka,Jski,1997-10-15,81587264096,Ul. Dowa,47,151219916
197,Hmka,Oska,1962-03-22,63747214162,Ul. Gowa,88,463956656
198,Cmek,Cski,1981-10-07,53486447315,Ul. Gowa,71,821819496
199,Nmka,Rski,1954-08-24,73708702704,Ul. Cowa,23,518170590
200,Hmka,Oska,1979-10-06,81743351480,Ul. Lowska,18,938283673
201,Wmka,Nska,1974-04-21,71223699395,Ul. Sowa,58,362905373
202,Lmek,Bski,1985-12-02,41027433484,Ul. Dowa,71,359411334
203,Qmek,Gski,1965-03-19,43879619436,Ul. Rowa,84,490488484
204,Hmek,Aska,1971-06-21,62015010718,Ul. Qowska,25,454318812
205,Gmka,Oska,1985-06-04,42164331976,Ul. Iowa,97,523311415
206,Wmka,Cski,1969-08-13,51388229135,Ul. Wowa,80,858867232
207,Emka,Hski,1960-08-18,72231977023,Ul. Oowa,6,164913838
208,Qmek,Iska,1995-08-24,51666343230,Ul. Vowa,49,113622829
209,Pmka,Mska,1990-09-19,82966300912,Ul. Rowska,24,636063504
210,Fmka,Tska,1996-04-20,51374968990,Ul. Cowa,55,770100921
211,Gmka,Jski,1983-10-01,42535013644,Ul. Bowska,79,621451026
212,Gmka,Aski,1958-12-19,81599779544,Ul. Sowska,25,829298352
213,Nmek,Hski,1988-10-14,51664855105,Ul. Dowa,6,146505255
214,Imka,Lski,1982-10-28,52709294700,Ul. Nowska,2,851409728
215,Wmek,Vska,1954-01-17,63643194944,Ul. Rowska,50,377930321
216,Imka,Pski,1970-12-11,51079109610,Ul. Iowa,31,752237289
217,Fmka,Nska,1980-12-18,51210061020,Ul. Bowska,62,392442021
218,Dmka,Aski,1979-05-24,82197647920,Ul. Nowa,75,690173196
219,Mmek,Nski,1973-10-25,72772638584,Ul. Lowa,10,227909094
220,Umek,Mski,1979-10-02,71006800098,Ul. Jowska,1,415602184
221,Umek,Eski,1990-03-26,82914120848,Ul. Yowa,63,666192400
222,Emek,Oski,1945-10-12,71561751214,Ul. Fowska,82,791420482
223,Vmek,Aska,1983-07-17,42054627376,Ul. Rowa,3,643168078
224,Vmek,Vski,1956-09-15,53923857820,Ul. Rowa,11,650287876
225,Lmka,Aska,1964-03-18,53173960095,Ul. Towa,24,721730646
226,Qmka,Fska,1998-07-28,54161452570,Ul. Oowa,79,515946770
227,Pmka,Vski,1993-06-21,51981772495,Ul. Eowa,24,696308618
228,Kmek,Hski,1958-05-07,74179006507,Ul. Kowska,95,289258022
229,Cmek,Cski,1970-01-18,73301207581,Ul. Powska,15,631550222
230,Wmek,Vska,1987-10-20,71887796915,Ul. Rowa,72,922079992
231,Nmek,Kski,1957-10-02,41408482452,Ul. Powska,16,536235535
232,Lmek,Qska,1954-06-16,81035982960,Ul. Eowa,35,183510337
233,Umek,Wski,1977-03-27,42969849436,Ul. Towa,55,396320358
234,Imka,Gski,1988-10-25,51377809340,Ul. Eowa,17,186922487
235,Hmek,Tski,1952-08-02,84104421072,Ul. Qowska,71,469101572
236,Imek,Pski,1981-09-20,71951177814,Ul. Dowa,62,956235081
237,Bmek,Kski,1974-07-20,63491638916,Ul. Bowa,13,855511904
238,Ymka,Kska,1947-03-26,41076333880,Ul. Howa,20,862429240
239,Qmek,Yski,1963-02-16,72370693893,Ul. Towa,35,696794874
240,Umka,Iska,1975-01-14,52911455710,Ul. Oowska,54,848239920
241,Mmka,Lski,1996-05-25,41263504096,Ul. Eowska,6,815908408
242,Imka,Hski,1982-02-23,61066586930,Ul. Vowa,37,535702925
243,Imka,Vski,1982-06-13,83253023888,Ul. Aowska,1,275637470
244,Amek,Cska,1972-02-27,71542503612,Ul. Aowa,46,145508628
245,Gmka,Sska,1966-11-11,54151058065,Ul. Vowska,3,550060360
246,Wmka,Jski,1997-10-09,73069927925,Ul. Towska,72,192012316
247,Tmka,Tska,1993-07-02,52329401825,Ul. Qowska,10,414014720
248,Lmka,Eski,1953-09-25,43662084568,Ul. Xowska,16,173228423
249,Ymek,Jski,1987-11-04,41997201112,Ul. Cowska,24,615801958
250,Qmka,Yski,1946-11-10,53892800510,Ul. Gowa,85,665129024
251,Qmka,Nski,1963-02-04,43369501280,Ul. Nowa,58,411892876
252,Mmka,Uski,1965-08-22,83618803288,Ul. Iowa,96,227004376
253,Cmka,Tska,1981-12-18,62668042380,Ul. Oowa,36,275313752
254,Vmek,Rski,1952-09-04,71980363051,Ul. Wowska,79,176627189
255,Bmka,Sska,1945-01-18,71950918643,Ul. Howska,88,460725336
256,Pmka,Wski,1976-09-21,43953803756,Ul. Towska,68,691616140
257,Amek,Hski,1983-10-16,42559853828,Ul. Towa,57,112609433
258,Hmka,Jski,1980-05-07,53968899075,Ul. Mowa,12,834096216
259,Bmka,Xski,1971-02-05,71842918914,Ul. Jowa,93,443824652
260,Rmka,Yska,1979-08-07,52292125595,Ul. Qowa,63,793245439
261,Cmek,Dska,1983-02-23,42985013612,Ul. Rowska,58,580216110
262,Wmek,Qska,1965-06-13,61749921336,Ul. Rowa,88,475631308
263,Ymek,Mski,1973-08-23,61900448284,Ul. Sowska,19,179409457
264,Ymka,Bski,1954-03-01,41175102264,Ul. Iowska,61,889447312
265,Umek,Pska,1974-10-17,83617002600,Ul. Sowska,55,998943613
266,Xmka,Kski,1983-08-12,41960219156,Ul. Gowa,64,518850060
267,Fmka,Fski,1984-12-14,42615710660,Ul. Fowska,57,167302121
268,Cmka,Qska,1950-04-28,81504919520,Ul. Gowska,92,249647894
269,Tmek,Lska,1963-09-24,42491002664,Ul. Gowska,19,851109576
270,Gmka,Gska,1949-03-15,73044532424,Ul. Fowa,47,638472516
271,Gmek,Kski,1947-05-17,72843525844,Ul. Sowska,50,919758057
272,Umek,Kski,1977-06-23,72545200371,Ul. Rowa,41,215414220
273,Dmek,Lska,1969-04-24,82557489456,Ul. Iowa,67,727302202
274,Kmka,Sski,1957-08-14,71809204137,Ul. Qowa,92,341906726
275,Cmka,Xski,1981-06-20,63076578054,Ul. Sowa,93,615560290
276,Smka,Tska,1997-09-19,61922287828,Ul. Wowska,36,399412054
277,Nmek,Iski,1955-08-11,61851569908,Ul. Aowska,66,963223265
278,Bmka,Tska,1978-10-10,73252845871,Ul. Fowska,7,277664574
279,Lmka,Kska,1984-10-28,62169393308,Ul. Qowa,31,646894596
280,Umek,Dska,1967-05-18,72176494166,Ul. Iowa,57,472987616
281,Emka,Xska,1958-10-15,83323670624,Ul. Yowa,39,916769948
282,Pmka,Qska,1966-09-13,84181760184,Ul. Jowa,44,716135387
283,Lmka,Cski,1993-06-16,83891210136,Ul. Mowska,54,770722117
284,Mmek,Yska,1946-07-06,84210198248,Ul. Howska,38,248637692
285,Xmek,Fski,1978-01-03,51732081950,Ul. Aowska,50,913507081
286,Jmek,Wska,1989-09-25,53040510600,Ul. Sowska,14,615967880
287,Smka,Vska,1990-08-08,53819923950,Ul. Powska,9,494414368
288,Mmka,Qska,1957-06-14,84010884920,Ul. Howa,58,730914546
289,Rmek,Yska,1974-09-11,43304193180,Ul. Aowska,21,853683768
290,Gmka,Eski,1945-03-18,43189241388,Ul. Uowa,69,390624279
291,Cmek,Yski,1999-03-08,42448170948,Ul. Bowska,86,775266409
292,Fmka,Pska,1950-10-19,52480602005,Ul. Vowska,49,726395881
293,Jmka,Yski,1957-07-07,82798321472,Ul. Nowa,17,730299785
294,Dmek,Hski,1946-09-22,43073025452,Ul. Nowa,16,592621270
295,Omek,Jski,1961-03-20,71907488825,Ul. Gowa,32,221153406
296,Jmek,Nski,1979-08-19,82160754032,Ul. Xowa,93,992249410
297,Emka,Xski,1995-10-20,83165039064,Ul. Yowska,60,370687912
298,Wmka,Wska,1970-01-27,72774719931,Ul. Cowa,13,435005416
299,Vmka,Nski,1965-08-05,72690134664,Ul. Vowa,39,468871360
300,Bmek,Qska,1964-06-16,73952971962,Ul. Aowa,19,218347500
301,Kmka,Xski,1978-10-05,52439263830,Ul. Vowska,17,683608460
302,Jmka,Nski,1951-07-28,44015957260,Ul. Qowa,63,176813430
303,Rmek,Pski,1996-03-02,53650994025,Ul. Iowska,50,129902419
304,Vmka,Mski,1946-10-25,83844707336,Ul. Qowska,9,479197832
305,Umka,Tski,1986-07-02,83571468992,Ul. Jowa,6,670242926
306,Fmka,Eska,1976-05-13,53603302060,Ul. Eowska,26,814907256
307,Umek,Wski,1979-07-08,82005967848,Ul. Sowa,59,974247087
308,Bmek,Jski,1967-04-27,82738856320,Ul. Towa,93,211062466
309,Lmek,Uska,1953-02-15,81320069072,Ul. Gowa,96,249219122
310,Amka,Hska,1968-09-15,83258332352,Ul. Vowska,5,344961782
311,Qmka,Mska,1965-12-25,73162691560,Ul. Iowa,11,733395172
312,Emka,Dska,1957-10-20,63175453646,Ul. Nowska,54,651511216
313,Jmka,Mski,1982-09-05,61912258908,Ul. Mowa,7,221738222
314,Fmka,Xska,1972-10-20,43063900860,Ul. Wowa,55,816779024
315,Emka,Wski,1964-02-23,81060804688,Ul. Gowska,96,277160164
316,Dmka,Sska,1990-10-22,82780622832,Ul. Nowa,24,480139940
317,Imek,Mska,1983-10-07,83383406832,Ul. Towska,6,923479270
318,Cmek,Yska,1977-01-26,51465490410,Ul. Eowska,85,435821196
319,Wmek,Cska,1998-02-05,61108135594,Ul. Vowa,63,754138502
320,Dmek,Tski,1978-03-04,84095024728,Ul. Powska,79,248225622
321,Bmka,Iski,1960-01-01,72130061355,Ul. Oowska,12,954667446
322,Pmek,Gska,1948-12-12,61822412672,Ul. Fowska,51,126017550
323,Emek,Gski,1965-11-23,43797507344,Ul. Oowska,2,463874444
324,Bmek,Uski,1969-01-11,61467592076,Ul. Sowa,55,968660758
325,Wmek,Bska,1989-12-28,62741333368,Ul. Wowa,92,498301472
326,Umek,Kski,1955-05-19,72580122103,Ul. Qowa,57,972728618
327,Pmka,Iski,1962-01-06,81429719168,Ul. Jowa,55,624779854
328,Dmek,Kska,1987-08-13,43992415732,Ul. Rowska,31,655694220
329,Pmek,Qska,1996-05-14,71613815355,Ul. Kowa,67,128014058
330,Dmka,Hska,1992-07-06,43820924536,Ul. Yowa,60,182311511
331,Tmek,Nski,1992-04-25,71050966465,Ul. Cowa,18,336721048
332,Hmka,Uski,1980-01-20,72741717453,Ul. Kowska,39,868815328
333,Gmek,Qska,1982-07-21,53336138930,Ul. Fowa,5,180017662
334,Jmka,Hski,1977-10-17,73990433243,Ul. Bowa,67,450830740
335,Gmka,Oski,1959-05-28,61515945012,Ul. Xowa,34,838154024
336,Rmek,Pska,1949-03-19,63533005790,Ul. Sowa,58,459315996
337,Gmka,Dski,1982-10-28,41028492328,Ul. Cowska,24,191531124
338,Tmek,Fska,1972-03-20,83171800640,Ul. Kowska,34,228358698
339,Fmek,Lski,1966-07-11,73317446424,Ul. Mowska,97,355261161
340,Imka,Uski,1990-02-11,63992019718,Ul. Oowska,22,150124735
341,Gmka,Lski,1962-03-04,72556570434,Ul. Xowa,92,481600936
342,Vmka,Aska,1980-09-19,73086008353,Ul. Kowska,64,346930015
343,Qmek,Aska,1954-06-23,72032859395,Ul. Iowska,51,826839504
344,Bmek,Nski,1978-11-22,63382681734,Ul. Nowa,10,945664880
345,Amek,Bska,1970-08-03,41040225136,Ul. Oowska,29,667609452
346,Mmka,Eski,1964-04-15,83816749728,Ul. Cowa,17,130130616
347,Gmek,Hski,1988-10-06,61432086270,Ul. Eowa,88,815546192
348,Imka,Aski,1987-09-02,82607139200,Ul. Towska,53,615250226
349,Amka,Pski,1994-12-03,41068258488,Ul. Jowa,2,115230939
350,Jmka,Kski,1983-04-19,83808789448,Ul. Towska,96,399874049
351,Gmek,Lska,1967-12-18,83645983008,Ul. Nowa,52,466419664
352,Emka,Iski,1972-07-10,74206719814,Ul. Dowa,33,953519071
353,Umek,Qska,1962-04-24,42314410540,Ul. Qowa,31,368801503
354,Omek,Gska,1946-02-11,43145311508,Ul. Yowska,59,336722893
355,Umek,Tski,1981-11-03,62613979994,Ul. Howa,38,599828835
356,Kmka,Mska,1993-08-23,62529603128,Ul. Oowska,80,776962260
357,Qmek,Wska,1971-05-20,42813786000,Ul. Gowska,83,430515172
358,Lmka,Pska,1978-05-04,73547632592,Ul. Powa,12,815790152
359,Mmka,Jski,1990-03-23,63743955862,Ul. Wowska,87,616812258
360,Bmka,Pska,1964-01-11,53393885525,Ul. Powa,77,916119250
361,Dmek,Aski,1991-04-13,52239977355,Ul. Dowa,78,381308967
362,Lmka,Cski,1951-09-05,71822531906,Ul. Eowa,10,234236504
363,Ymek,Sski,1954-04-16,64251897770,Ul. Dowska,94,897719328
364,Lmek,Wski,1998-04-12,81148132648,Ul. Lowa,53,994458426
365,Amek,Vski,1955-04-06,81904985808,Ul. Rowa,84,276818838
366,Omek,Vska,1972-06-10,72968260928,Ul. Gowa,59,387382860
367,Qmka,Oski,1945-03-09,72992217857,Ul. Powa,5,380540917
368,Jmka,Nska,1986-04-25,61610001176,Ul. Qowska,90,299022534
369,Smek,Tska,1956-05-27,81482436456,Ul. Yowska,21,554490130
370,Omek,Wska,1969-05-07,63791287582,Ul. Jowska,17,445488120
371,Omek,Pski,1952-03-10,53734613655,Ul. Cowska,8,411924316
372,Fmek,Dska,1957-09-19,62405266882,Ul. Kowa,20,890138344
373,Xmka,Gska,1981-12-24,52284339350,Ul. Rowska,54,649944226
374,Mmek,Dski,1957-09-28,72736123499,Ul. Lowska,87,430502084
375,Lmek,Yska,1962-08-12,62056810604,Ul. Aowska,51,126732024
376,Xmka,Xski,1963-03-04,52797731225,Ul. Iowska,22,471785028
377,Cmka,Pski,1957-08-18,53984200955,Ul. Gowska,5,210810330
378,Mmka,Lski,1997-02-06,43163121028,Ul. Rowa,28,419545140
379,Ymek,Yski,1953-03-22,71728014756,Ul. Howa,27,581845370
380,Emek,Wski,1980-11-14,73689728926,Ul. Oowa,27,150314005
381,Nmek,Hska,1970-01-20,41340480776,Ul. Aowa,40,426090944
382,Dmka,Rski,1952-04-20,43516905660,Ul. Yowska,45,427982376
383,Jmek,Mska,1966-10-04,41602983560,Ul. Dowska,77,158116750
384,Rmek,Nska,1982-04-04,81068477968,Ul. Kowska,19,146802771
385,Rmek,Jski,1959-03-22,73857134342,Ul. Bowa,79,979900340
386,Qmek,Xski,1994-04-02,63880932630,Ul. Uowska,93,869388840
387,Umka,Nski,1991-03-02,62174363356,Ul. Dowa,97,839847632
388,Umek,Lska,1967-06-07,52390029630,Ul. Jowa,25,867689360
389,Xmka,Oski,1956-03-20,53015902500,Ul. Kowska,91,981035585
390,Nmka,Qska,1949-12-05,62699494074,Ul. Dowa,78,248929248
391,Vmka,Fski,1989-09-01,42296490872,Ul. Sowska,30,234151346
392,Imek,Xski,1966-10-13,43641816144,Ul. Yowska,30,663782002
393,Amka,Lska,1954-11-03,81767134160,Ul. Towa,93,267157728
394,Tmka,Tski,1957-11-24,53332962035,Ul. Dowa,59,917324281
395,Wmek,Oski,1963-09-16,62462352100,Ul. Iowa,69,988436360
396,Pmka,Mska,1952-03-12,52449096190,Ul. Kowska,62,858108864
397,Rmka,Gska,1973-01-14,81422714840,Ul. Xowska,56,820875584
398,Wmek,Vska,1967-06-27,54226130895,Ul. Kowa,39,996169300
399,Emka,Bski,1953-09-23,61526023712,Ul. Oowska,59,667510070
400,Jmka,Lski,1991-05-23,51352856900,Ul. Yowa,4,755194465
401,Gmka,Mski,1962-05-05,81656324376,Ul. Uowa,95,749121079
402,Vmek,Oski,1998-02-02,62185230380,Ul. Bowska,75,466046876
403,Wmka,Jski,1994-11-26,73257464946,Ul. Wowa,92,234112372
404,Amek,Qska,1978-04-22,61255333720,Ul. Vowska,85,677553448
405,Mmek,Fski,1997-05-21,53779945110,Ul. Wowska,82,764916804
406,Rmek,Rski,1998-08-01,52208764740,Ul. Dowska,74,448999632
407,Bmek,Qska,1948-10-21,53234150795,Ul. Sowa,12,270339706
408,Imek,Cska,1991-08-14,51420747880,Ul. Xowa,88,723591415
409,Emka,Eska,1961-07-20,64190455830,Ul. Vowa,34,748288536
410,Vmka,Yska,1973-07-13,41103220420,Ul. Rowa,90,958769298
411,Bmek,Xski,1971-11-13,41948898316,Ul. Qowska,12,395989142
412,Omka,Hska,1969-02-10,62751263834,Ul. Cowska,46,695661328
413,Pmek,Bski,1953-10-28,44199820284,Ul. Mowska,20,955557780
414,Lmka,Vski,1994-12-21,73866850878,Ul. Bowska,31,890106408
415,Ymka,Qska,1994-08-05,41532785484,Ul. Lowska,36,212645038
416,Imka,Dska,1977-09-22,71234325606,Ul. Eowa,35,328244304
417,Gmka,Bska,1984-10-08,73481509032,Ul. Rowska,56,813957880
418,Imek,Pski,1958-09-17,44029170264,Ul. Aowska,52,687267820
419,Dmka,Gski,1994-11-22,82478848144,Ul. Wowska,79,626708436
420,Smka,Pski,1989-09-18,81049014616,Ul. Dowska,88,461158404
421,Lmka,Mska,1958-12-01,43347699056,Ul. Howa,15,932737762
422,Vmka,Eski,1947-12-22,53312160145,Ul. Fowa,59,198502700
423,Jmek,Dski,1958-07-02,43641070480,Ul. Yowa,82,276637324
424,Lmka,Oski,1950-07-19,51459359800,Ul. Towa,88,818606808
425,Ymek,Uski,1954-02-06,53471809460,Ul. Rowska,12,775483029
426,Emka,Dska,1998-12-14,41798618720,Ul. Vowa,9,384692853
427,Cmka,Pski,1974-01-15,82235831144,Ul. Bowa,41,782383216
428,Ymek,Yska,1974-05-20,83367735872,Ul. Sowa,65,450519612
429,Omek,Dski,1960-11-10,61889235418,Ul. Vowska,18,418370996
430,Dmek,Iski,1986-10-19,51210322025,Ul. Cowa,8,377340377
431,Nmek,Oski,1985-07-20,53671058525,Ul. Wowska,98,751804214
432,Xmek,Lski,1974-05-13,62761173874,Ul. Dowska,98,970896156
433,Nmka,Uska,1959-08-04,61550282926,Ul. Gowa,49,722202552
434,Jmek,Dski,1962-08-05,61630382260,Ul. Eowska,11,437124740
435,Wmka,Rski,1957-07-21,81886110184,Ul. Gowa,47,132020710
436,Tmka,Sski,1955-02-22,43818913496,Ul. Powa,22,312797038
437,Qmka,Iska,1981-06-01,43766876216,Ul. Eowa,76,752338507
438,Tmek,Lska,1993-08-22,41503745932,Ul. Howska,23,349052893
439,Lmka,Tska,1996-05-03,82288431424,Ul. Kowa,32,330878585
440,Emek,Xski,1983-09-04,42528530064,Ul. Iowska,15,243907634
441,Rmek,Rski,1953-10-11,71659319765,Ul. Sowa,17,336423766
442,Fmek,Tska,1979-01-24,84190421808,Ul. Cowa,4,473583964
443,Bmka,Lski,1974-07-09,42094400616,Ul. Lowska,45,341860582
444,Pmek,Nska,1954-05-18,73069000331,Ul. Eowa,8,497457000
445,Ymka,Rska,1985-03-01,53092657415,Ul. Howska,39,630388566
446,Gmka,Jska,1987-03-22,81581348488,Ul. Aowska,55,552737685
447,Bmka,Xska,1971-07-15,63435370920,Ul. Dowa,32,573211125
448,Smek,Eski,1945-06-28,71427391959,Ul. Kowska,83,887542720
449,Fmek,Kski,1993-05-07,41187407512,Ul. Xowska,62,288141924
450,Cmek,Mska,1973-03-16,53590371295,Ul. Howska,37,837103672
451,Tmka,Eski,1992-03-25,43527115492,Ul. Towska,83,797718606
452,Ymek,Hski,1961-12-02,81783077000,Ul. Vowa,72,337002109
453,Fmek,Fski,1964-01-17,53809043780,Ul. Yowa,54,365315249
454,Imka,Tski,1948-08-27,82108767520,Ul. Vowa,53,321424789
455,Bmek,Kski,1997-10-08,41224042724,Ul. Uowa,45,654282680
456,Amek,Hska,1959-07-09,63400055256,Ul. Lowska,54,624045426
457,Amek,Gska,1990-10-20,64077321636,Ul. Nowska,34,789693242
458,Vmek,Cska,1977-10-25,83773088864,Ul. Wowa,60,356412420
459,Omka,Hski,1977-09-14,43572669840,Ul. Qowska,11,142625960
460,Hmek,Kski,1998-04-16,43903608200,Ul. Rowska,62,634400758
461,Qmek,Fska,1949-04-03,63304608834,Ul. Yowa,71,516307770
462,Fmek,Iski,1962-01-16,43751213536,Ul. Howa,63,484148520
463,Amek,Oski,1984-02-01,62873854860,Ul. Fowa,23,570829740
464,Nmka,Lska,1991-06-23,62558254578,Ul. Dowa,76,156102832
465,Vmek,Wski,1976-03-02,41164166444,Ul. Xowska,81,426680700
466,Qmek,Tska,1969-10-16,82126886456,Ul. Howska,20,264829780
467,Vmek,Xski,1986-04-13,72896846636,Ul. Jowska,75,858835056
468,Dmek,Sski,1986-05-18,53542622040,Ul. Yowska,27,775554504
469,Rmka,Iski,1962-11-13,52245125990,Ul. Wowa,36,749604827
470,Jmek,Pska,1954-08-19,73898122103,Ul. Jowska,36,283822918
471,Jmka,Oska,1967-07-12,42496217892,Ul. Cowska,12,434973124
472,Cmka,Nski,1952-06-02,52844527995,Ul. Nowa,96,580081050
473,Fmka,Gska,1986-09-09,62944025550,Ul. Nowska,54,912413813
474,Xmek,Wska,1982-11-23,42594304620,Ul. Eowa,66,911455349
475,Kmka,Gski,1973-03-08,72165089966,Ul. Towa,25,425702052
476,Xmka,Jski,1959-07-18,41365917996,Ul. Gowska,15,319326580
477,Emek,Eski,1982-08-21,71296209769,Ul. Wowa,1,423959960
478,Omka,Bska,1999-07-23,53214402355,Ul. Vowska,19,359594008
479,Pmka,Oska,1978-05-12,44034100020,Ul. Uowa,61,122715867
480,Nmka,Vski,1996-06-02,71647637919,Ul. Kowa,64,744850792
481,Hmek,Kska,1985-09-21,63528676088,Ul. Kowa,97,785614704
482,Nmek,Cska,1982-09-27,52564360915,Ul. Xowska,48,461914292
483,Smek,Cski,1983-04-12,52042780300,Ul. Vowa,10,336005826
484,Lmka,Gska,1994-02-06,41315598344,Ul. Nowska,73,668913470
485,Fmka,Lska,1985-02-14,41123049904,Ul. Cowska,10,289233192
486,Bmka,Fska,1976-08-12,72366006246,Ul. Bowa,59,187431314
487,Wmek,Lski,1951-04-01,71599113314,Ul. Bowska,19,657166156
488,Qmka,Kska,1993-08-23,72910175481,Ul. Vowa,28,126501060
489,Dmka,Iski,1963-01-18,63583731472,Ul. Qowa,61,289200946
490,Omek,Yski,1947-08-28,52702534805,Ul. Rowa,11,759721767
491,Bmka,Eski,1983-09-22,53195902575,Ul. Bowska,77,259226974
492,Pmka,Hski,1969-11-20,44057209884,Ul. Oowa,54,483609260
493,Qmka,Tski,1951-09-11,72391928065,Ul. Towa,16,414805596
494,Mmek,Bska,1963-09-09,52018643255,Ul. Sowa,8,210107428
495,Imek,Oski,1952-04-23,52410767500,Ul. Powa,32,187228846
496,Gmek,Mska,1975-07-25,64020930386,Ul. Nowska,34,948104372
497,Xmka,Oska,1984-10-28,53774957085,Ul. Fowska,93,162723782
498,Pmek,Yska,1965-08-07,53674388760,Ul. Dowska,6,643270226
499,Tmek,Tski,1949-12-20,83013308568,Ul. Bowska,75,497809880
500,Lmka,Hska,1961-12-18,63703152326,Ul. Qowa,1,285721710
501,Pmek,Lska,1954-05-02,52491237270,Ul. Rowska,64,619423700
502,Dmek,Yski,1991-07-08,52837640760,Ul. Jowska,12,110206390
503,Cmek,Oska,1958-09-14,43857628248,Ul. Uowska,51,545844395
504,Lmek,Uska,1951-10-28,42368373164,Ul. Nowska,34,158231754
505,Emka,Nski,1995-08-24,51491053315,Ul. Powska,44,728891688
506,Jmek,Yski,1971-04-18,42868720492,Ul. Qowa,80,652112380
507,Rmka,Pski,1970-03-03,72160150575,Ul. Gowa,53,684420646
508,Emek,Sska,1948-02-22,74195663576,Ul. Iowa,66,324832157
509,Qmek,Mska,1985-05-13,82086659896,Ul. Powa,3,536335535
510,Lmka,Nski,1973-03-24,62212192108,Ul. Oowska,19,320494989
511,Imek,Jska,1958-07-10,43328712632,Ul. Dowska,25,725224115
512,Tmka,Yska,1977-11-12,81895206120,Ul. Wowska,75,943484653
513,Bmka,Dski,1962-08-12,73951427150,Ul. Mowa,60,779625193
514,Hmek,Pski,1974-02-14,64227968040,Ul. Qowska,82,355883538
515,Amek,Gski,1969-04-20,61302433866,Ul. Towa,59,258364052
516,Fmka,Rska,1964-09-10,72923285108,Ul. Wowa,95,430176912
517,Lmka,Fski,1956-03-10,61843652158,Ul. Howska,83,414512756
518,Fmka,Kska,1964-03-20,44084158980,Ul. Cowa,78,326618954
519,Emka,Iski,1975-10-26,81489492408,Ul. Powska,1,285220800
520,Smek,Oski,1954-01-21,53266897255,Ul. Kowska,7,926326756
521,Pmek,Tska,1961-08-01,71990968294,Ul. Yowa,90,458241132
522,Jmek,Gski,1952-05-23,51864034850,Ul. Nowa,62,857022168
523,Mmek,Rski,1967-09-01,51105592970,Ul. Iowa,41,742350673
524,Dmek,Cska,1997-09-12,73828715243,Ul. Cowska,40,971258318
525,Omek,Nska,1953-10-16,82428050968,Ul. Bowska,51,813613976
526,Pmek,Hska,1963-09-06,42565907604,Ul. Kowa,40,615125862
527,Tmka,Cski,1986-02-20,42282130164,Ul. Oowska,26,348027888
528,Smka,Iski,1981-03-11,53872284410,Ul. Towa,75,699228662
529,Bmka,Hski,1982-01-27,72829017049,Ul. Kowa,83,577334945
530,Pmek,Nski,1950-09-05,82996538496,Ul. Yowska,67,178106093
531,Jmek,Xski,1954-08-24,52235244370,Ul. Fowa,48,722537942
532,Jmek,Aska,1990-11-14,71023714205,Ul. Qowska,45,596957305
533,Dmka,Tski,1956-06-02,81228606584,Ul. Qowska,56,589139355
534,Kmek,Lski,1982-07-17,61599837716,Ul. Vowska,49,961421825
535,Imek,Hska,1968-03-07,73095969365,Ul. Fowa,51,763576547
536,Pmka,Uska,1981-11-06,41100273436,Ul. Iowa,30,652006092
537,Omek,Uska,1991-12-26,83854104872,Ul. Powa,87,549394015
538,Lmek,Iski,1989-02-01,81736817056,Ul. Nowa,45,515526995
539,Imek,Gski,1963-12-11,82080147616,Ul. Yowska,29,838031816
540,Rmka,Qska,1946-05-10,71727800970,Ul. Rowska,61,493679300
541,Ymka,Qski,1996-11-18,72187500177,Ul. Cowska,46,730767160
542,Umka,Dski,1965-11-25,71851455531,Ul. Eowska,57,562042595
543,Vmek,Oska,1956-09-23,81319370232,Ul. Eowska,24,743824089
544,Mmek,Sska,1975-12-18,72169827384,Ul. Vowa,20,366737059
545,Fmek,Nska,1965-07-06,82455589472,Ul. Nowska,52,887042224
546,Emka,Cski,1949-12-05,42027446916,Ul. Sowska,45,434930972
547,Pmek,Qski,1949-12-19,71306158382,Ul. Vowska,31,474709496
548,Hmek,Kski,1951-08-06,63329291188,Ul. Fowska,37,547294410
549,Fmek,Tska,1985-08-22,62693804430,Ul. Fowa,71,157607093
550,Omka,Lska,1955-03-09,63986417840,Ul. Kowa,12,155831577
551,Pmka,Oski,1970-04-12,54171557960,Ul. Vowa,92,211723804
552,Wmek,Cski,1995-05-15,61193214666,Ul. Dowa,92,376341628
553,Emek,Uska,1994-11-03,52575549980,Ul. Howska,24,186424270
554,Lmek,Kska,1949-11-18,51257745850,Ul. Kowa,15,585602220
555,Ymek,Dski,1955-02-09,73855143127,Ul. Kowa,3,928664935
556,Qmka,Vska,1960-04-12,83217570776,Ul. Gowa,19,133720952
557,Jmek,Sska,1969-11-16,63412990810,Ul. Aowska,77,165802600
558,Xmek,Yski,1987-08-07,42116585760,Ul. Powa,59,829249216
559,Bmka,Qski,1999-08-02,62487947604,Ul. Powska,6,343300198
560,Imek,Lska,1966-12-17,82112589744,Ul. Dowska,97,967031157
561,Xmek,Bska,1945-05-25,51602749225,Ul. Oowa,52,733517941
562,Omka,Qski,1979-11-12,73369587047,Ul. Gowska,4,463554360
563,Xmka,Yska,1972-04-07,73839614882,Ul. Xowa,93,165926357
564,Nmka,Qski,1975-01-06,62057863134,Ul. Gowa,58,692410130
565,Nmka,Yska,1967-11-27,81733962424,Ul. Gowa,15,278205440
566,Hmka,Qska,1982-03-10,83461409064,Ul. Gowska,51,794426331
567,Qmek,Sska,1956-05-28,43487792420,Ul. Xowa,11,734751149
568,Mmek,Oski,1975-08-12,52316929010,Ul. Xowska,82,177606763
569,Ymka,Jski,1961-11-08,43479694124,Ul. Eowa,85,357592346
570,Gmek,Aska,1962-12-16,42475068724,Ul. Cowa,59,381613503
571,Pmek,Eski,1997-08-14,41924993276,Ul. Dowska,52,329334755
572,Vmka,Lski,1951-11-10,43792451020,Ul. Iowa,1,865927288
573,Nmek,Jska,1959-08-14,81598803512,Ul. Yowska,31,297065082
574,Smek,Pska,1963-02-06,62132482506,Ul. Qowska,35,921046942
575,Vmek,Eska,1983-11-16,71282730576,Ul. Vowa,58,178225945
576,Imka,Pski,1945-12-20,42471740512,Ul. Howska,95,978139797
577,Tmek,Wski,1953-02-24,82318548688,Ul. Lowska,72,354408823
578,Qmka,Oski,1962-10-16,52516666745,Ul. Eowska,32,989164385
579,Umka,Hska,1977-04-11,62053702030,Ul. Dowska,25,111220753
580,Pmka,Pski,1986-11-02,82533888920,Ul. Towa,96,183501208
581,Xmka,Oski,1976-06-07,63673435070,Ul. Xowa,75,291937692
582,Wmek,Yski,1973-11-22,72072709034,Ul. Oowa,56,211517576
583,Fmka,Pski,1990-06-21,63092380366,Ul. Kowa,94,690193192
584,Fmka,Aska,1951-02-21,73242668334,Ul. Howska,86,233700874
585,Umka,Gski,1954-06-18,72061087794,Ul. Uowska,60,347028995
586,Pmek,Yska,1993-01-05,64160168162,Ul. Iowa,67,871815464
587,Smek,Lski,1945-06-24,61614572512,Ul. Jowska,61,871307320
588,Jmek,Bski,1992-07-27,82223956256,Ul. Bowska,93,878032528
589,Rmka,Eski,1997-12-05,72069882733,Ul. Eowa,95,965575437
590,Cmka,Dski,1968-12-04,63947230386,Ul. Bowa,68,815411776
591,Emka,Yski,1981-06-23,83028317432,Ul. Qowa,69,136201155
592,Rmka,Iska,1985-09-23,42018418952,Ul. Powa,2,294238658
593,Vmka,Kski,1954-12-16,63373480802,Ul. Powska,99,721373542
594,Gmka,Cska,1997-05-27,61517050868,Ul. Gowska,16,452572380
595,Emka,Wska,1966-08-06,81272846600,Ul. Kowska,12,331843971
596,Amka,Dska,1947-04-22,83528568592,Ul. Eowska,40,788730135
597,Nmek,Iski,1989-04-07,44007143580,Ul. Rowa,40,940341209
598,Gmka,Tska,1948-02-15,81868217248,Ul. Vowska,16,472022304
599,Mmka,Iska,1951-08-22,71756326530,Ul. Iowska,31,866063232
600,Vmka,Hski,1957-12-26,52741539270,Ul. Iowa,90,665890578
601,Umka,Qska,1962-02-07,73644497251,Ul. Jowska,37,269661104
602,Kmek,Qska,1964-06-18,41807001076,Ul. Bowa,25,370664710
603,Nmka,Pski,1973-08-22,41694706232,Ul. Nowa,22,895734408
604,Omek,Tski,1952-02-21,63836549638,Ul. Yowska,85,311481042
605,Rmek,Fski,1983-09-11,73597411097,Ul. Powa,58,692201926
606,Vmek,Lska,1979-06-06,53055083530,Ul. Aowska,48,660537310
607,Bmka,Wska,1959-06-26,63218961164,Ul. Fowa,27,675568588
608,Xmek,Fski,1998-09-02,42800827644,Ul. Fowa,3,940770513
609,Smka,Qska,1980-05-11,73539586347,Ul. Iowa,21,271758712
610,Nmka,Rska,1970-11-23,42418664808,Ul. Rowska,44,975354602
611,Bmka,Wska,1957-12-14,73545238136,Ul. Gowa,41,168712165
612,Nmek,Bska,1959-01-26,53813494645,Ul. Aowska,76,949285687
613,Emka,Eska,1971-11-27,71506047467,Ul. Jowska,96,727714753
614,Xmek,Oski,1994-10-15,81619601160,Ul. Howa,16,720324416
615,Ymek,Sski,1982-09-07,51528069610,Ul. Qowska,7,667127734
616,Pmek,Yski,1999-11-03,82861893392,Ul. Powa,85,678239198
617,Umek,Bska,1962-10-16,63724290086,Ul. Powa,1,266764008
618,Tmek,Kski,1962-06-12,74017524773,Ul. Aowa,20,736110049
619,Mmka,Sski,1970-06-11,54213704160,Ul. Dowska,18,480403356
620,Cmka,Eski,1959-01-23,64124823444,Ul. Mowa,63,360832439
621,Qmek,Uska,1972-02-09,51675645955,Ul. Aowa,5,565459450
622,Dmka,Cski,1973-08-05,41504111092,Ul. Sowa,64,527551195
623,Kmek,Bski,1973-01-20,63902966656,Ul. Bowa,19,663575390
624,Dmka,Hski,1971-01-13,63590081254,Ul. Xowska,87,238038092
625,Nmka,Tska,1996-07-14,81587472848,Ul. Powska,25,640784902
626,Ymka,Eska,1992-06-22,73992654950,Ul. Yowska,4,345158827
627,Jmka,Dska,1959-05-02,51088499860,Ul. Eowska,2,463269492
628,Smek,Nska,1986-03-06,52159530040,Ul. Kowa,92,832776640
629,Rmka,Vska,1953-01-28,51494951835,Ul. Vowska,31,611710860
630,Umka,Oski,1991-02-12,63374595948,Ul. Jowska,43,231159846
631,Dmka,Qska,1979-02-07,81178754296,Ul. Towska,11,987843126
632,Amek,Lska,1958-09-12,62374380300,Ul. Gowska,57,285854294
633,Imek,Xski,1949-01-21,61071526784,Ul. Kowska,41,269436230
634,Nmek,Pski,1952-03-17,63009354996,Ul. Kowa,41,435744284
635,Umka,Qski,1957-08-05,41389062676,Ul. Jowa,39,556759285
636,Emka,Rska,1949-09-17,71859906841,Ul. Wowa,13,940725864
637,Kmka,Wska,1972-02-19,81629584864,Ul. Cowa,25,569527630
638,Umek,Dski,1958-02-15,41342367184,Ul. Yowska,2,590938145
639,Amka,Aska,1977-08-07,83851147896,Ul. Howska,31,351972564
640,Xmka,Lska,1981-02-07,73157026089,Ul. Wowska,43,227846316
641,Bmek,Jski,1978-05-01,82842344440,Ul. Cowa,98,349156958
642,Smka,Bska,1973-09-14,41733481144,Ul. Howska,82,183529483
643,Wmka,Sska,1973-01-01,82504265784,Ul. Oowa,79,446606436
644,Rmka,Bska,1992-12-22,43891504556,Ul. Xowa,75,470648724
645,Qmek,Nski,1969-12-20,62745021278,Ul. Powska,33,644358944
646,Xmek,Aska,1988-06-24,82627206048,Ul. Oowa,87,882425400
647,Emek,Xski,1987-07-08,52755943555,Ul. Xowska,28,169129175
648,Emka,Iski,1963-11-08,63327277462,Ul. Bowska,92,683292990
649,Vmek,Mski,1993-09-26,71011313125,Ul. Iowa,45,419003004
650,Hmka,Mski,1966-04-19,44107184976,Ul. Sowa,74,247803256
651,Nmka,Xski,1998-02-07,71822506169,Ul. Towa,72,455846872
652,Smka,Nska,1995-04-07,82366633632,Ul. Nowska,25,471933692
653,Umek,Fski,1960-11-09,62230110296,Ul. Iowska,5,728987913
654,Jmka,Mska,1990-07-02,81341240832,Ul. Xowa,48,812053200
655,Tmek,Pski,1989-11-10,41835057828,Ul. Lowska,52,835112216
656,Kmek,Gski,1991-10-14,53550310485,Ul. Jowa,55,941423498
657,Fmek,Fski,1960-10-13,82798336224,Ul. Fowa,29,338492184
658,Qmka,Nski,1988-04-25,84242798712,Ul. Kowska,66,141418130
659,Mmek,Gska,1953-09-05,63286570794,Ul. Rowa,64,233503474
660,Bmka,Tski,1968-01-22,51227169765,Ul. Gowska,14,714142994
661,Lmka,Nski,1995-07-16,54027465915,Ul. Uowska,88,282952100
662,Emka,Gski,1987-10-21,51426196685,Ul. Cowska,34,862143000
663,Gmka,Rska,1972-04-13,81754370336,Ul. Wowa,50,179331868
664,Wmek,Qska,1990-10-05,61215061118,Ul. Gowa,79,885005472
665,Pmka,Xska,1979-04-16,72314796070,Ul. Uowa,1,220052476
666,Cmka,Nski,1981-05-12,72805377714,Ul. Lowa,8,550328865
667,Amka,Yski,1970-04-21,51008317100,Ul. Lowska,4,355788560
668,Vmek,Dska,1954-07-25,61139105736,Ul. Cowska,86,779812982
669,Rmka,Kski,1955-03-20,62248711280,Ul. Wowska,33,465339404
670,Gmek,Yski,1955-09-24,83548212184,Ul. Cowska,92,638553400
671,Lmka,Gska,1999-02-05,53179422580,Ul. Aowska,70,344442642
672,Kmek,Uska,1980-10-09,63540643274,Ul. Bowa,14,656465612
673,Umek,Mska,1961-04-16,83503380968,Ul. Uowska,6,639727606
674,Imka,Kski,1959-03-17,83738004824,Ul. Gowska,46,677034478
675,Tmek,Nska,1984-05-17,82207140504,Ul. Aowska,40,155221853
676,Wmek,Gski,1975-11-10,42767912048,Ul. Cowska,92,174508059
677,Jmka,Eska,1984-09-28,44113453492,Ul. Howska,85,152321817
678,Cmek,Fska,1996-06-21,81819215696,Ul. Kowa,71,454350328
679,Nmek,Fski,1964-05-05,63498953358,Ul. Wowa,60,196306421
680,Cmek,Aska,1951-04-26,81362407784,Ul. Gowa,7,132011798
681,Amka,Hska,1951-12-21,73752950003,Ul. Howska,93,430394692
682,Umka,Gski,1974-06-10,61151993630,Ul. Mowa,29,290855202
683,Omka,Bski,1961-06-22,54271258790,Ul. Fowa,23,234507644
684,Qmek,Bski,1966-11-27,43502500612,Ul. Gowa,82,258259330
685,Wmka,Nska,1948-08-06,63733566176,Ul. Iowska,96,629828994
686,Smka,Qska,1964-07-03,43458021672,Ul. Jowa,21,858707792
687,Ymka,Fski,1985-09-03,63378544940,Ul. Mowa,70,894406472
688,Smka,Hska,1978-03-16,81899305352,Ul. Xowska,5,414213432
689,Rmka,Yska,1958-01-03,83728873584,Ul. Bowa,14,767871673
690,Cmka,Gski,1961-10-08,42267106700,Ul. Oowska,6,778095613
691,Imek,Yska,1989-01-05,81313412592,Ul. Towa,98,116200517
692,Hmek,Pski,1949-08-06,54008425895,Ul. Kowa,3,586510140
693,Umek,Cska,1980-12-16,71774474153,Ul. Fowa,13,673707314
694,Cmka,Rska,1992-10-21,52577238640,Ul. Aowska,88,537659650
695,Fmek,Wska,1984-06-18,83483802728,Ul. Iowa,49,224644932
696,Omka,Gski,1998-02-07,72540517231,Ul. Bowa,58,499409488
697,Pmka,Eski,1984-08-26,44097075984,Ul. Towa,13,211444306
698,Hmka,Sska,1953-11-23,71194942553,Ul. Powa,25,640934044
699,Vmek,Oski,1991-08-04,43829168172,Ul. Yowska,16,276408512
700,Jmka,Dski,1955-02-17,41674423560,Ul. Howska,4,738871659
701,Nmek,Sska,1958-09-20,72178624068,Ul. Nowska,82,643412992
702,Ymek,Wska,1970-01-05,73118758702,Ul. Uowska,21,867157880
703,Cmek,Wska,1953-08-10,81203601960,Ul. Sowa,44,689785664
704,Hmek,Wski,1964-11-27,83951414640,Ul. Rowska,16,419742488
705,Ymka,Oski,1983-11-06,82246246840,Ul. Dowska,41,427175872
706,Gmka,Kski,1983-05-23,51878260760,Ul. Oowska,34,592443670
707,Gmek,Vska,1946-05-08,62653704188,Ul. Qowska,25,274314722
708,Pmek,Yski,1963-05-26,63719747300,Ul. Fowa,30,281238756
709,Imka,Pski,1947-10-09,82334852232,Ul. Bowa,55,951410098
710,Tmek,Gski,1952-09-06,72471780103,Ul. Cowa,69,442807912
711,Bmka,Oski,1955-11-27,43757180008,Ul. Lowa,3,558892815
712,Dmka,Tska,1976-09-20,63520580166,Ul. Iowska,26,984698694
713,Nmek,Sski,1999-07-27,62118448842,Ul. Gowska,45,811006176
714,Kmka,Wska,1962-03-01,61705616334,Ul. Howa,83,975086607
715,Pmek,Cski,1983-07-26,81729784840,Ul. Mowska,71,569510750
716,Mmka,Nski,1952-02-27,74256422089,Ul. Powska,35,636154024
717,Emka,Iski,1950-05-18,52908744140,Ul. Nowa,78,384117832
718,Amka,Bski,1950-11-08,61301562126,Ul. Iowa,81,741159339
719,Amka,Oski,1991-11-01,61979541256,Ul. Gowa,74,698162466
720,Wmek,Bska,1945-07-10,81913927392,Ul. Iowa,36,730445061
721,Fmka,Bski,1945-09-01,61102881912,Ul. Mowska,75,838716944
722,Fmka,Nska,1978-07-27,71342593520,Ul. Sowska,19,281412394
723,Vmek,Gska,1971-05-20,71722687579,Ul. Iowska,6,727795991
724,Fmka,Qska,1996-03-14,83949959624,Ul. Wowska,62,253208406
725,Bmka,Cski,1974-09-01,81289461496,Ul. Yowa,3,137225620
726,Wmka,Yska,1963-09-06,83550700496,Ul. Vowska,5,248003642
727,Ymek,Uska,1962-12-16,53090032170,Ul. Lowska,8,213563152
728,Rmek,Wski,1970-03-09,43073839284,Ul. Qowska,94,992889908
729,Imek,Lska,1963-07-16,83141781520,Ul. Qowska,78,396717580
730,Fmka,Gska,1966-08-10,61455061184,Ul. Lowa,92,944396975
731,Bmek,Lski,1955-09-27,73298105149,Ul. Sowa,76,345104800
732,Nmek,Aski,1964-09-13,73465647320,Ul. Towa,64,844940504
733,Xmka,Qski,1956-02-04,71418635728,Ul. Mowa,73,840257608
734,Lmek,Yska,1991-05-14,43331030608,Ul. Kowska,88,449428396
735,Mmek,Qska,1967-06-23,81200851824,Ul. Uowa,52,160908842
736,Qmka,Pska,1976-04-05,81112300656,Ul. Uowa,51,524224935
737,Nmka,Iska,1988-06-21,52347236105,Ul. Rowa,5,527746595
738,Nmka,Kska,1990-10-14,62708142984,Ul. Yowska,49,839825432
739,Bmek,Cska,1999-01-28,63844685598,Ul. Dowa,31,734365683
740,Qmka,Yska,1956-12-14,73469701512,Ul. Aowska,87,770393576
741,Umek,Oska,1982-04-25,73962530891,Ul. Nowa,41,378639822
742,Pmek,Bski,1990-09-27,61308378944,Ul. Bowa,80,884608744
743,Smka,Rski,1971-05-24,63530675626,Ul. Dowska,54,599700325
744,Imek,Qski,1971-01-18,43248498032,Ul. Vowa,53,681278020
745,Vmek,Gska,1974-10-26,62661572054,Ul. Kowa,1,814056376
746,Hmka,Wska,1998-09-20,42491230392,Ul. Vowa,39,153613228
747,Qmek,Bski,1983-03-21,54028158540,Ul. Jowska,17,571033510
748,Hmek,Eska,1982-12-15,41350802480,Ul. Wowa,79,679371844
749,Jmek,Pska,1952-10-27,43032942592,Ul. Kowa,52,649088574
750,Dmka,Eski,1948-07-17,71425005632,Ul. Nowa,29,285917784
751,Emka,Qski,1966-09-18,44191750452,Ul. Qowska,63,299460666
752,Cmka,Dski,1945-12-16,53594328160,Ul. Dowska,49,869302232
753,Tmek,Eska,1966-08-20,51473550610,Ul. Wowska,16,978157276
754,Jmek,Dska,1985-01-26,51469388305,Ul. Iowska,10,435314040
755,Pmka,Eska,1996-09-15,41237468800,Ul. Sowska,85,351525668
756,Amek,Nska,1975-01-18,41051020952,Ul. Yowa,91,820845608
757,Emka,Xski,1979-02-09,62572123040,Ul. Wowska,58,463603796
758,Mmka,Aska,1955-05-03,71069579387,Ul. Wowska,84,740039095
759,Nmek,Dska,1971-10-13,73849989497,Ul. Powska,27,362379290
760,Wmka,Fska,1985-12-19,52815443760,Ul. Bowa,88,764752052
761,Mmek,Lski,1985-10-03,62725609552,Ul. Cowska,98,579750635
762,Tmka,Sski,1966-02-13,83585363360,Ul. Yowa,10,460584308
763,Wmek,Eski,1959-05-19,42691609768,Ul. Xowa,83,488586208
764,Ymek,Dska,1969-08-01,73236288083,Ul. Gowska,69,197424369
765,Pmka,Rska,1972-03-17,83246136448,Ul. Aowa,5,472049832
766,Emek,Vski,1975-12-03,64184827722,Ul. Eowska,93,275716980
767,Jmek,Tska,1954-05-17,73170539377,Ul. Powska,95,711494101
768,Dmek,Mska,1949-01-27,61577383412,Ul. Kowska,18,816785560
769,Mmek,Sska,1966-05-03,43806727948,Ul. Vowa,96,841423088
770,Mmek,Pska,1993-04-09,82951029416,Ul. Sowska,88,462464064
771,Emka,Iska,1949-09-03,62502734784,Ul. Uowa,59,594526200
772,Fmek,Eski,1997-03-02,42018313252,Ul. Towa,62,725559586
773,Nmka,Bski,1966-09-21,42443009176,Ul. Uowska,42,897204056
774,Rmek,Qska,1988-01-16,41605625912,Ul. Vowa,4,736069496
775,Omek,Xski,1959-08-10,62819123592,Ul. Kowska,16,922748158
776,Wmek,Vski,1991-10-28,73822786536,Ul. Uowska,87,638014250
777,Nmka,Rski,1985-10-08,82105526424,Ul. Vowa,59,439238920
778,Fmka,Vski,1958-07-23,83508779704,Ul. Sowa,94,826745192
779,Ymek,Qski,1987-11-24,71336205469,Ul. Iowa,60,138917478
780,Jmka,Aska,1959-07-11,41339558408,Ul. Nowska,21,324017424
781,Tmka,Cski,1980-04-23,84105803104,Ul. Sowska,17,650994508
782,Lmek,Uska,1970-02-22,73828287374,Ul. Gowa,66,413108880
783,Lmek,Nski,1963-04-12,73461672914,Ul. Towska,37,345083418
784,Dmek,Aski,1967-01-14,63663385530,Ul. Towa,44,724652941
785,Cmek,Pski,1965-11-10,51564356880,Ul. Eowa,35,859283832
786,Mmek,Jska,1980-07-05,82647354472,Ul. Qowska,75,545975315
787,Bmka,Rska,1965-10-07,83134744416,Ul. Powa,38,551089080
788,Tmka,Aski,1965-04-17,71866019128,Ul. Jowska,89,425925020
789,Emek,Rska,1993-03-02,82346330976,Ul. Eowska,80,746578570
790,Ymek,Eski,1956-05-20,41687677328,Ul. Dowska,28,366831356
791,Wmka,Fska,1989-05-10,62486676910,Ul. Sowa,7,464828108
792,Nmek,Yska,1965-05-01,71764956044,Ul. Yowska,37,415774324
793,Jmka,Lska,1993-01-25,72848881790,Ul. Eowa,71,713515295
794,Tmka,Nski,1951-08-12,81032518280,Ul. Powa,79,889630480
795,Imka,Wski,1959-01-14,62009968694,Ul. Cowska,38,680188064
796,Imka,Dska,1982-02-01,74262779781,Ul. Aowa,20,470203692
797,Dmek,Oski,1996-12-21,81107004352,Ul. Vowska,78,169629870
798,Smka,Vski,1966-08-12,82403256464,Ul. Nowska,36,193026945
799,Lmka,Bska,1959-11-26,63836486480,Ul. Iowska,73,714783867
800,Imka,Aski,1962-05-17,82069846312,Ul. Towa,16,487310988
801,Dmka,Vski,1982-05-17,53347861925,Ul. Gowska,18,452020820
802,Mmek,Mski,1990-02-16,62606658532,Ul. Oowska,54,317089238
803,Pmka,Uska,1990-02-27,61904648354,Ul. Iowska,10,658805672
804,Tmka,Xski,1977-01-09,82641984312,Ul. Mowska,58,189814901
805,Fmka,Bska,1953-02-18,71053188690,Ul. Uowska,59,169805052
806,Xmka,Cska,1946-12-13,73363848603,Ul. Fowa,41,394033756
807,Vmek,Gski,1972-06-19,51623047605,Ul. Bowa,87,923819980
808,Pmka,Lska,1993-07-06,51966598900,Ul. Xowa,27,282154766
809,Omka,Fska,1976-01-02,63726920526,Ul. Fowska,22,533921785
810,Fmka,Dski,1965-09-25,71481552257,Ul. Jowa,51,384158965
811,Omka,Lski,1994-11-28,83484365456,Ul. Wowa,1,363205130
812,Qmek,Uski,1950-06-23,84223051520,Ul. Cowa,55,734062925
813,Cmka,Bska,1997-09-15,42850743264,Ul. Uowska,74,216417822
814,Pmek,Wska,1950-02-22,81957972872,Ul. Fowa,90,392863681
815,Nmek,Eski,1984-02-17,83065883000,Ul. Nowa,95,325108496
816,Fmek,Wska,1968-06-04,42121108252,Ul. Gowska,21,339529424
817,Lmka,Jska,1996-06-01,81374995024,Ul. Kowa,32,671815164
818,Jmek,Wski,1964-05-20,81599808592,Ul. Rowska,16,597056960
819,Emka,Uska,1990-02-22,54137546755,Ul. Towa,62,879369792
820,Dmka,Rski,1954-11-21,73117520174,Ul. Cowa,57,768574186
821,Tmka,Wski,1963-01-26,63888400096,Ul. Powa,68,991908982
822,Ymek,Mski,1966-12-21,42128265064,Ul. Howska,33,775314961
823,Tmka,Sska,1984-11-20,62276782044,Ul. Wowa,46,520930685
824,Ymka,Tski,1975-05-19,83199285656,Ul. Yowa,44,235400218
825,Ymek,Lski,1977-04-28,83511242304,Ul. Uowa,97,978233236
826,Kmka,Oska,1977-05-27,53626873450,Ul. Xowa,98,441498044
827,Lmka,Eski,1957-01-22,41253256384,Ul. Yowska,40,156330976
828,Ymek,Xski,1991-01-05,63268319206,Ul. Bowska,13,189701958
829,Fmka,Hska,1971-09-10,61555155016,Ul. Uowska,92,912457627
830,Mmka,Aski,1986-12-01,81263581856,Ul. Towska,17,227443858
831,Hmka,Aska,1992-01-16,73198325519,Ul. Mowa,87,933940095
832,Amek,Fski,1948-02-23,72589313339,Ul. Powska,46,392670128
833,Wmka,Qska,1983-04-28,74247308281,Ul. Yowska,67,422514028
834,Emek,Jski,1958-07-27,51674925650,Ul. Towska,46,583720495
835,Qmek,Nska,1983-02-06,42050681944,Ul. Bowska,82,317084048
836,Qmek,Wska,1973-12-17,62063974568,Ul. Eowa,73,730257101
837,Kmek,Vski,1945-11-02,53069713870,Ul. Powa,93,617404670
838,Qmka,Hski,1962-08-06,43305934156,Ul. Dowa,91,125230063
839,Hmek,Qski,1945-08-25,73218892890,Ul. Jowa,68,387168622
840,Kmek,Cska,1965-08-16,64233623418,Ul. Mowska,75,333419173
841,Rmek,Iski,1949-12-09,84249261048,Ul. Vowska,87,387531176
842,Mmka,Jska,1952-02-20,62963182784,Ul. Bowa,8,382767428
843,Wmka,Wski,1979-11-11,63918771324,Ul. Nowska,40,190624933
844,Qmka,Tski,1986-12-15,73446974179,Ul. Aowska,83,672389630
845,Imek,Eski,1983-10-24,52544445820,Ul. Aowa,21,572532220
846,Ymek,Sski,1996-06-07,62367815536,Ul. Kowa,3,954803402
847,Mmek,Vski,1973-08-06,73004416800,Ul. Howa,38,192820946
848,Dmka,Vska,1991-06-14,42244687292,Ul. Dowa,79,660842072
849,Omek,Eski,1963-01-19,74182620155,Ul. Nowska,9,125827777
850,Fmek,Sski,1992-10-15,81603241496,Ul. Sowska,32,361535886
851,Gmek,Uska,1947-02-18,54245891650,Ul. Rowska,59,129914048
852,Lmek,Xska,1997-09-21,61529263042,Ul. Kowska,93,158821764
853,Fmka,Yska,1986-06-06,83921900320,Ul. Kowa,22,157125719
854,Vmek,Hska,1954-12-06,52391210725,Ul. Qowska,2,365270497
855,Lmka,Rska,1998-09-09,63220574442,Ul. Aowska,45,573818795
856,Vmek,Gska,1961-02-09,53841457495,Ul. Towska,8,970858013
857,Hmek,Lska,1991-08-26,71435868705,Ul. Cowska,78,393445645
858,Tmek,Pska,1989-11-10,61538045804,Ul. Qowa,67,196017645
859,Fmka,Rski,1994-01-17,53698013075,Ul. Cowa,88,517502235
860,Gmka,Aski,1954-12-01,53530024790,Ul. Cowa,52,766126056
861,Omka,Oski,1954-03-26,41313621728,Ul. Nowa,47,910868328
862,Umka,Gska,1957-11-18,84042022200,Ul. Wowska,36,542731040
863,Imka,Uska,1988-11-13,71256063261,Ul. Oowa,36,569318165
864,Cmka,Oska,1963-03-17,73135890748,Ul. Xowa,8,549251740
865,Bmek,Kski,1968-07-14,63228586900,Ul. Fowa,46,796513934
866,Wmek,Eska,1976-09-22,53432889195,Ul. Bowska,62,245463688
867,Smek,Mska,1958-02-05,42940807908,Ul. Wowa,77,322511052
868,Bmka,Jska,1962-07-17,83561209712,Ul. Uowska,6,842901256
869,Umka,Eska,1952-08-15,61939032244,Ul. Vowa,43,699479508
870,Pmka,Hski,1950-08-07,81432109424,Ul. Powa,53,499703304
871,Wmka,Dska,1999-02-26,51053075895,Ul. Aowska,60,348838664
872,Jmka,Cski,1962-12-02,44070347148,Ul. Fowa,30,135204936
873,Pmka,Vska,1957-07-27,43672513736,Ul. Rowa,58,573703010
874,Vmek,Fska,1998-04-07,81399926664,Ul. Towa,66,822612904
875,Mmka,Mski,1968-04-23,62639435478,Ul. Towska,75,584608065
876,Vmka,Xska,1969-11-23,52288688055,Ul. Vowa,7,348992397
877,Tmka,Nska,1971-11-28,63187169206,Ul. Yowa,59,538797400
878,Emek,Cski,1956-01-16,51780750770,Ul. Dowa,4,342415630
879,Omka,Aska,1984-10-28,63277404662,Ul. Dowska,66,568083060
880,Cmek,Nski,1993-03-08,84033763984,Ul. Vowska,19,951987496
881,Lmek,Hska,1962-01-17,43433257868,Ul. Powska,65,348447880
882,Tmek,Fska,1954-08-17,52658072075,Ul. Fowska,25,966700763
883,Hmek,Kska,1948-06-01,43459971028,Ul. Kowska,28,199401020
884,Jmka,Jska,1996-12-17,53654607065,Ul. Bowa,98,450127944
885,Omek,Fski,1975-07-11,42446353632,Ul. Jowska,43,285102736
886,Nmek,Fska,1994-08-11,42476638940,Ul. Fowska,34,790321746
887,Qmek,Cski,1978-03-19,82041305472,Ul. Wowska,4,643562750
888,Mmek,Mska,1978-07-07,63691686394,Ul. Cowa,27,784837730
889,Bmka,Lski,1991-11-05,83176516392,Ul. Xowska,14,759623926
890,Tmek,Yska,1999-05-25,61319758322,Ul. Bowa,88,873527824
891,Imek,Uski,1986-06-24,72790868418,Ul. Jowa,85,253265054
892,Jmek,Yska,1967-10-09,61770952520,Ul. Dowska,35,552342690
893,Tmek,Yska,1999-08-06,63659239390,Ul. Jowa,44,244301338
894,Wmka,Iska,1946-07-07,84185501776,Ul. Powska,92,248614030
895,Dmek,Aski,1958-01-26,41286517584,Ul. Jowska,19,230507958
896,Qmek,Oska,1950-11-07,53709655100,Ul. Aowska,1,983743064
897,Wmka,Oska,1979-10-25,73568027860,Ul. Sowa,53,340162499
898,Hmek,Rska,1989-07-21,61326990680,Ul. Rowska,5,129220214
899,Dmek,Kska,1993-02-17,71298092731,Ul. Xowska,96,622060912
900,Tmek,Kski,1956-02-25,43856938656,Ul. Kowa,59,521591560
901,Tmka,Yski,1964-10-07,44214781880,Ul. Eowska,10,982587327
902,Smka,Dska,1953-12-23,71019323391,Ul. Qowa,30,284143692
903,Xmka,Kska,1956-08-03,41679360996,Ul. Bowska,62,735735210
904,Rmek,Mski,1984-05-28,41476642652,Ul. Cowska,89,234146032
905,Emka,Aski,1947-06-10,51996301460,Ul. Nowa,32,329183271
906,Fmek,Yski,1957-02-22,63345463750,Ul. Gowa,23,199927335
907,Jmek,Tski,1947-12-06,62923509776,Ul. Cowa,9,644947102
908,Imek,Iska,1954-06-11,44024778852,Ul. Iowska,24,554204290
909,Dmka,Qski,1959-12-21,71501516723,Ul. Iowska,88,395562367
910,Nmek,Wska,1983-09-21,53473772865,Ul. Cowa,92,392408859
911,Mmka,Xska,1952-08-05,73884938542,Ul. Gowska,79,624635588
912,Vmka,Nska,1962-04-02,44211704504,Ul. Rowa,41,849252552
913,Qmka,Kski,1995-04-28,62403922710,Ul. Oowska,98,512682550
914,Jmek,Yska,1948-06-28,71487259444,Ul. Rowska,91,538548300
915,Amek,Pska,1949-06-09,61779665792,Ul. Kowa,69,854519264
916,Nmek,Jski,1982-07-09,52939714155,Ul. Aowska,74,525542485
917,Nmka,Iska,1963-04-27,72739014592,Ul. Rowska,30,332778747
918,Umek,Pski,1945-07-28,42384425080,Ul. Rowska,29,159708193
919,Xmek,Fski,1977-09-20,52015503685,Ul. Sowa,22,619997410
920,Fmka,Rski,1971-11-13,42749918696,Ul. Mowska,4,577845710
921,Nmek,Lska,1967-02-19,52179836295,Ul. Rowa,2,366636543
922,Lmek,Oski,1983-07-20,82971543288,Ul. Vowa,59,727036577
923,Jmek,Fski,1963-10-08,71808519635,Ul. Eowska,30,837113432
924,Umka,Eski,1976-01-21,81267736680,Ul. Sowa,61,548631585
925,Gmka,Fski,1995-09-07,42038679076,Ul. Yowska,81,696810412
926,Gmka,Oski,1953-11-24,41693679216,Ul. Mowska,88,962068983
927,Dmek,Pski,1999-04-12,73290057435,Ul. Nowska,37,144611029
928,Pmek,Gski,1965-12-05,81034097152,Ul. Howa,27,616176734
929,Vmka,Rski,1975-01-11,81989243824,Ul. Oowska,88,133907088
930,Smek,Kski,1985-08-04,61910485104,Ul. Kowska,73,335165925
931,Dmka,Oska,1968-02-20,53676010760,Ul. Uowska,37,268629302
932,Smek,Jski,1955-04-25,42951020036,Ul. Rowska,32,456326552
933,Rmek,Iska,1992-11-07,53343276470,Ul. Fowska,91,893778680
934,Cmka,Sska,1971-11-28,62066914634,Ul. Nowa,19,585037925
935,Vmka,Tska,1995-03-25,81820807824,Ul. Rowa,73,611092408
936,Wmka,Xska,1989-02-22,73006003710,Ul. Kowa,58,830422912
937,Nmek,Nska,1973-10-24,82497972080,Ul. Oowska,9,697057920
938,Xmek,Dski,1975-11-01,42246159368,Ul. Sowa,82,765605604
939,Ymek,Gski,1985-08-26,41493900668,Ul. Aowa,39,398202631
940,Lmka,Pski,1996-08-15,62101601412,Ul. Lowa,35,687610680
941,Rmek,Rska,1973-10-09,64041780198,Ul. Lowska,9,562851850
942,Umek,Mska,1967-09-02,84170060096,Ul. Oowa,68,124926376
943,Nmka,Pska,1954-11-23,81550032696,Ul. Rowa,78,668636810
944,Smek,Iska,1965-12-08,42778342680,Ul. Qowska,45,516005765
945,Imek,Wska,1951-11-18,61094807322,Ul. Fowa,11,498517716
946,Xmek,Cski,1998-07-27,61367721104,Ul. Powska,35,713808778
947,Rmka,Kska,1949-07-24,52481575935,Ul. Wowa,83,622109266
948,Amka,Nski,1980-02-05,72661942072,Ul. Oowa,20,491867324
949,Jmka,Wski,1960-05-28,41522544992,Ul. Eowa,82,279804116
950,Wmek,Kski,1973-03-09,62114647102,Ul. Jowska,86,410974324
951,Smek,Tski,1997-08-21,43143321336,Ul. Wowa,1,740166992
952,Cmek,Iski,1983-08-19,71016216282,Ul. Kowa,38,349569834
953,Smek,Lska,1984-05-01,41722079636,Ul. Sowa,43,724361145
954,Vmek,Eski,1965-12-19,43217140976,Ul. Aowa,80,630069470
955,Tmek,Eski,1991-10-23,54027772380,Ul. Dowska,22,742783449
956,Pmek,Fski,1993-12-25,62020767946,Ul. Iowska,32,791779401
957,Hmka,Gski,1956-02-27,63005127054,Ul. Yowska,59,377984066
958,Cmka,Wski,1978-03-13,43120196092,Ul. Gowska,22,966163574
959,Wmka,Iski,1960-06-13,73989413874,Ul. Rowa,89,337836042
960,Bmka,Cski,1953-05-07,51662305335,Ul. Iowska,84,626826150
961,Fmek,Fska,1954-08-21,81768660864,Ul. Xowska,53,340866285
962,Vmek,Cski,1964-10-19,41906922356,Ul. Mowska,65,826134880
963,Dmka,Yska,1979-11-16,43521143340,Ul. Wowa,99,372551549
964,Amka,Eska,1947-03-17,84120360152,Ul. Fowa,23,720272828
965,Dmek,Mski,1968-04-08,42601490456,Ul. Aowa,90,259204560
966,Pmka,Eska,1993-03-21,61298666372,Ul. Yowa,21,285736088
967,Emek,Fska,1949-05-14,81477378936,Ul. Sowa,93,948456185
968,Smek,Sska,1975-10-28,52105170790,Ul. Wowska,33,976875329
969,Gmka,Rski,1979-09-03,71900385864,Ul. Powska,89,643974354
970,Jmek,Wska,1973-09-28,71379099374,Ul. Howa,42,278440450
971,Dmka,Jska,1959-08-17,81627636496,Ul. Sowska,66,681397374
972,Dmek,Dski,1985-03-26,43072836720,Ul. Fowska,41,259512668
973,Emka,Fski,1976-07-21,84253902632,Ul. Rowa,21,683592730
974,Xmek,Nski,1963-12-15,63869387212,Ul. Howa,33,672959664
975,Kmek,Iska,1980-09-24,72826108771,Ul. Fowa,61,420431044
976,Jmka,Kski,1947-01-06,43010608660,Ul. Kowa,30,979398685
977,Imek,Rski,1951-10-09,72782368035,Ul. Aowa,2,272543896
978,Gmka,Tski,1970-09-26,42299266900,Ul. Nowska,54,829620984
979,Imka,Cska,1993-07-07,52289265950,Ul. Fowska,71,318246989
980,Rmek,Iska,1976-04-17,72820757918,Ul. Lowska,33,315772663
981,Umek,Iska,1968-07-24,82074365760,Ul. Aowa,2,199827099
982,Umek,Jska,1954-11-02,51667258535,Ul. Gowska,8,833940576
983,Imka,Tski,1994-10-15,82147973656,Ul. Lowska,40,766920554
984,Bmka,Sska,1971-01-05,41767329416,Ul. Kowska,28,236841134
985,Qmka,Dski,1989-08-20,71803589369,Ul. Rowska,38,359777550
986,Pmek,Cska,1988-10-05,42056332468,Ul. Powa,52,698956460
987,Umka,Kska,1962-06-07,42894948080,Ul. Iowa,61,749354649
988,Gmek,Dska,1951-02-04,64029680606,Ul. Xowa,48,991912553
989,Wmek,Wska,1966-03-12,63282157926,Ul. Sowa,80,994565779
990,Mmka,Jska,1954-02-01,71911677639,Ul. Wowska,92,223910426
991,Vmka,Lski,1980-08-23,83384947960,Ul. Mowa,77,883955488
992,Wmek,Oska,1981-01-17,72317702037,Ul. Vowa,72,925270533
993,Gmka,Rski,1961-04-28,82906645104,Ul. Powa,46,844602536
994,Hmka,Mski,1993-04-18,71316108199,Ul. Xowska,84,892301104
995,Tmka,Hska,1997-11-23,84110610800,Ul. Cowa,84,770524229
996,Nmek,Wska,1999-02-17,64088031550,Ul. Jowska,34,593448050
997,Umka,Eska,1949-09-24,61989157978,Ul. Powa,5,952935657
998,Jmek,Jski,1986-11-02,81991400104,Ul. Rowa,36,312977976
999,Rmek,Sska,1985-07-28,63925926496,Ul. Cowska,25,974142919
1000,Kmek,Qski,1974-07-10,82050750216,Ul. Uowa,14,867545064


